,Course,College,Pr1,Pr2,Pr3,Pr4,Pr5,Oapr,SUM,AVG,English,Quanty
0,BS ABE,COE,55.84,71.99,29.96,63.45,63.1,60.09,284.34,56.868,127.83,126.55
1,BS EE,COE,58.56,66.85,85.06,24.91,20.6,60.09,255.98,51.196,125.41,45.51
2,BS CE,COE,52.9,71.99,59.25,24.91,79.78,61.37,288.83,57.766,124.89,104.69
3,BS GE,COE,66.01,30.03,85.06,24.91,53.29,61.37,259.3,51.86,96.04,78.2
4,BS ME,COE,61.05,30.03,59.25,70.61,72.9,61.37,293.84,58.768,91.08,143.51
5,BS SE,COE,49.95,48.4,51.68,63.45,87.72,61.37,301.2,60.24,98.35,151.17
6,BS EE,COE,61.05,30.03,44.12,53.82,95.65,62.48,284.67,56.934,91.08,149.47
7,BS ME,COE,58.56,42.05,44.12,63.45,87.72,62.48,295.9,59.18,100.61,151.17
8,BS COE,COE,63.53,54.75,51.68,63.45,63.1,63.6,296.51,59.302,118.28,126.55
9,BS EE,COE,47.0,15.12,93.41,44.18,95.65,63.6,295.36,59.072,62.12,139.83
10,BS GE,COE,61.05,66.85,66.81,34.54,63.1,63.6,292.35,58.47,127.9,97.64
11,BS ME,COE,47.0,54.75,72.66,75.28,72.9,63.6,322.59,64.518,101.75,148.18
12,BSIE,COE,55.84,30.03,51.68,94.54,53.29,63.6,285.38,57.076,85.87,147.83
13,BS ECE,COE,72.78,48.4,44.12,24.91,83.75,64.72,273.96,54.792,121.18,108.66
14,BS EE,COE,83.47,61.11,51.68,14.31,26.06,64.72,236.63,47.326,144.58,40.37
15,BS ENE,COE,55.84,71.99,76.79,44.18,53.29,64.72,302.09,60.418,127.83,97.47
16,BS ME,COE,55.84,54.75,36.55,75.28,87.72,64.72,310.14,62.028,110.59,163.0
17,BSIE,COE,66.01,66.85,51.68,63.45,43.49,64.72,291.48,58.296,132.86,106.94
18,BSIE,COE,80.58,30.03,66.81,18.16,63.1,64.72,258.68,51.736,110.61,81.26
19,BS ABE,COE,63.53,66.85,66.81,44.18,63.1,65.83,304.47,60.894,130.38,107.28
20,BS EE,COE,31.88,66.85,93.41,53.82,83.75,65.83,329.71,65.942,98.73,137.57
21,BS EE,COE,55.84,92.88,76.79,44.18,20.6,65.83,290.29,58.058,148.72,64.78
22,BS EE,COE,88.66,42.05,29.96,18.16,43.49,65.83,222.32,44.464,130.71,61.65
23,BS EE,COE,66.01,42.05,51.68,24.91,97.87,65.83,282.52,56.504,108.06,122.78
24,BS ENE,COE,63.53,54.75,66.81,44.18,79.78,65.83,309.05,61.81,118.28,123.96
25,BS ENE,COE,55.84,61.11,76.79,63.45,63.1,65.83,320.29,64.058,116.95,126.55
26,BS ENE,COE,61.05,48.4,85.06,63.45,43.49,65.83,301.45,60.29,109.45,106.94
27,BSIE,COE,55.84,25.06,66.81,70.61,97.87,65.83,316.19,63.238,80.9,168.48
28,BS ABE,COE,70.75,42.05,44.12,75.28,72.9,66.95,305.1,61.02,112.8,148.18
29,BS ABE,COE,61.05,87.4,66.81,24.91,63.1,66.95,303.27,60.654,148.45,88.01
30,BS ECE,COE,66.01,66.85,51.68,34.54,83.75,66.95,302.83,60.566,132.86,118.29
31,BS EE,COE,44.05,61.11,80.93,79.96,72.9,66.95,338.95,67.79,105.16,152.86
32,BSIE,COE,74.8,87.4,18.75,53.82,43.49,66.95,278.26,55.652,162.2,97.31
33,BSIE,COE,4.68,61.11,94.84,98.97,63.1,66.95,322.7,64.54,65.79,162.07
34,BSIE,COE,80.58,15.12,51.68,75.28,72.9,68.07,295.56,59.112,95.7,148.18
35,BS COE,COE,72.78,42.05,59.25,44.18,87.72,69.19,305.98,61.196,114.83,131.9
36,BS SE,COE,61.05,20.09,72.66,89.31,87.72,69.19,330.83,66.166,81.14,177.03
37,BSIE,COE,63.53,35.7,59.25,92.22,72.9,69.19,323.6,64.72,99.23,165.12
38,BS CE,COE,70.75,61.11,59.25,53.82,79.78,70.3,324.71,64.942,131.86,133.6
39,BS COE,COE,52.9,66.85,85.06,70.61,72.9,70.3,348.32,69.664,119.75,143.51
40,BS EE,COE,70.75,54.75,80.93,53.82,53.29,70.3,313.54,62.708,125.5,107.11
41,BS GE,COE,61.05,35.7,85.06,79.96,72.9,70.3,334.67,66.934,96.75,152.86
42,BS ME,COE,34.94,66.85,96.28,92.22,33.69,70.3,323.98,64.796,101.79,125.91
43,BS ME,COE,74.8,71.99,66.81,53.82,33.69,70.3,301.11,60.222,146.79,87.51
44,BS ABE,COE,58.56,71.99,72.66,70.61,79.78,71.42,353.6,70.72,130.55,150.39
45,BS ENE,COE,74.8,54.75,72.66,92.22,9.69,71.42,304.12,60.824,129.55,101.91
46,BS GE,COE,47.0,54.75,85.06,92.22,72.9,71.42,351.93,70.386,101.75,165.12
47,BS ME,COE,66.01,87.4,76.79,18.16,72.9,71.42,321.26,64.252,153.41,91.06
48,BS CE,COE,44.05,66.85,91.97,84.63,72.9,72.43,360.4,72.08,110.9,157.53
49,BS EE,COE,58.56,77.12,76.79,53.82,83.75,72.43,350.04,70.008,135.68,137.57
50,BS GE,COE,41.05,90.94,76.79,79.96,79.78,72.43,368.52,73.704,131.99,159.74
51,BS ME,COE,63.53,77.12,72.66,63.45,72.9,72.43,349.66,69.932,140.65,136.35
52,BS COE,COE,61.05,82.26,76.79,53.82,79.78,73.34,353.7,70.74,143.31,133.6
53,BS ECE,COE,68.5,90.94,29.96,70.61,79.78,73.34,339.79,67.958,159.44,150.39
54,BS EE,COE,80.58,48.4,51.68,75.28,63.1,73.34,319.04,63.808,128.98,138.38
55,BS ENE,COE,76.83,90.94,51.68,34.54,53.29,73.34,307.28,61.456,167.77,87.83
56,BS GE,COE,66.01,61.11,76.79,75.28,72.9,73.34,352.09,70.418,127.12,148.18
57,BS ME,COE,82.02,66.85,51.68,18.16,83.75,73.34,302.46,60.492,148.87,101.91
58,BSIE,COE,66.01,87.4,59.25,79.96,43.49,73.34,336.11,67.222,153.41,123.45
59,BS ABE,COE,82.02,54.75,66.81,44.18,72.9,74.25,320.66,64.132,136.77,117.08
60,BS EE,COE,55.84,77.12,89.19,75.28,63.1,74.25,360.53,72.106,132.96,138.38
61,BS ENE,COE,61.05,71.99,59.25,89.31,79.78,74.25,361.38,72.276,133.04,169.09
62,BS ME,COE,68.5,54.75,51.68,93.38,72.9,74.25,341.21,68.242,123.25,166.28
63,BSIE,COE,58.56,87.4,72.66,70.61,79.78,74.25,369.01,73.802,145.96,150.39
64,BSIE,COE,87.6,42.05,59.25,44.18,63.1,74.25,296.18,59.236,129.65,107.28
65,BSIE,COE,52.9,66.85,76.79,92.22,79.78,74.25,368.54,73.708,119.75,172.0
66,BS CE,COE,83.47,35.7,44.12,53.82,95.65,75.16,312.76,62.552,119.17,149.47
67,BS COE,COE,87.6,77.12,51.68,24.91,43.49,75.16,284.8,56.96,164.72,68.4
68,BS EE,COE,78.85,48.4,85.06,53.82,63.1,75.16,329.23,65.846,127.25,116.92
69,BS EE,COE,47.0,71.99,89.19,75.28,91.68,75.16,375.14,75.028,118.99,166.96
70,BS ME,COE,55.84,61.11,85.06,75.28,91.68,75.16,368.97,73.794,116.95,166.96
71,BS ME,COE,74.8,42.05,80.93,84.63,53.29,75.16,335.7,67.14,116.85,137.92
72,BS SE,COE,58.56,48.4,59.25,95.71,87.72,75.16,349.64,69.928,106.96,183.43
73,BSIE,COE,86.35,82.26,59.25,34.54,26.06,75.16,288.46,57.692,168.61,60.6
74,BSIE,COE,72.78,82.26,44.12,70.61,79.78,75.16,349.55,69.91,155.04,150.39
75,BS GE,COE,61.05,71.99,59.25,94.54,72.9,76.07,359.73,71.946,133.04,167.44
76,BS ME,COE,72.78,77.12,29.96,89.31,79.78,76.07,348.95,69.79,149.9,169.09
77,BS SE,COE,68.5,77.12,85.06,63.45,63.1,76.07,357.23,71.446,145.62,126.55
78,BSIE,COE,47.0,92.88,80.93,89.31,63.1,76.07,373.22,74.644,139.88,152.41
79,BS COE,COE,61.05,71.99,72.66,92.22,79.78,76.98,377.7,75.54,133.04,172.0
80,BS GE,COE,80.58,61.11,76.79,75.28,43.49,76.98,337.25,67.45,141.69,118.77
81,BS SE,COE,68.5,61.11,76.79,93.38,53.29,76.98,353.07,70.614,129.61,146.67
82,BS ABE,COE,86.35,66.85,51.68,92.22,15.15,77.9,312.25,62.45,153.2,107.37
83,BS GE,COE,94.11,66.85,13.15,44.18,63.1,77.9,281.39,56.278,160.96,107.28
84,BS ME,COE,78.85,71.99,72.66,70.61,63.1,77.9,357.21,71.442,150.84,133.71
85,BS ME,COE,66.01,87.4,51.68,79.96,87.72,77.9,372.77,74.554,153.41,167.68
86,BS ME,COE,78.85,42.05,85.06,70.61,79.78,77.9,356.35,71.27,120.9,150.39
87,BS SE,COE,83.47,71.99,72.66,70.61,33.69,77.9,332.42,66.484,155.46,104.3
88,BS CE,COE,52.9,66.85,72.66,93.38,97.87,78.81,383.66,76.732,119.75,191.25
89,BS COE,COE,86.35,54.75,72.66,53.82,72.9,78.81,340.48,68.096,141.1,126.72
90,BS ECE,COE,72.78,42.05,72.66,89.31,91.68,78.81,368.48,73.696,114.83,180.99
91,BS GE,COE,87.6,54.75,76.79,24.91,79.78,78.81,323.83,64.766,142.35,104.69
92,BSIE,COE,66.01,82.26,76.79,79.96,79.78,78.81,384.8,76.96,148.27,159.74
93,BS ABE,COE,58.56,77.12,91.97,93.38,53.29,79.72,374.32,74.864,135.68,146.67
94,BS COE,COE,83.47,77.12,59.25,63.45,72.9,79.72,356.19,71.238,160.59,136.35
95,BS COE,COE,70.75,77.12,93.41,53.82,72.9,79.72,368.0,73.6,147.87,126.72
96,BS EE,COE,90.77,90.94,29.96,63.45,26.06,79.72,301.18,60.236,181.71,89.51
97,BS ENE,COE,74.8,77.12,80.93,44.18,87.72,79.72,364.75,72.95,151.92,131.9
98,BS GE,COE,80.58,87.4,59.25,70.61,63.1,79.72,360.94,72.188,167.98,133.71
99,BS ME,COE,89.71,42.05,66.81,63.45,72.9,79.72,334.92,66.984,131.76,136.35
100,AB ENG,CLA,55.84,71.99,51.68,79.96,15.15,60.09,274.62,54.924,127.83,95.11
101,AB ENG,CLA,58.56,71.99,36.55,89.31,9.69,60.09,266.1,53.22,130.55,99.0
102,AB ENG,CLA,55.84,30.03,76.79,24.91,87.72,60.09,275.29,55.058,85.87,112.63
103,AB FIL,CLA,68.5,48.4,18.75,63.45,72.9,60.09,272.0,54.4,116.9,136.35
104,AB FIL,CLA,52.9,66.85,72.66,63.45,26.06,60.09,281.92,56.384,119.75,89.51
105,AB FIL,CLA,52.9,42.05,80.93,53.82,53.29,60.09,282.99,56.598,94.95,107.11
106,AB JOURN,CLA,37.99,66.85,51.68,70.61,83.75,60.09,310.88,62.176,104.84,154.36
107,AB JOURN,CLA,63.53,61.11,59.25,18.16,63.1,60.09,265.15,53.03,124.64,81.26
108,AB POLSCI,CLA,58.56,61.11,36.55,70.61,53.29,60.09,280.12,56.024,119.67,123.9
109,ABMC-BROAD,CLA,41.05,77.12,66.81,53.82,63.1,60.09,301.9,60.38,118.17,116.92
110,ABMC-BROAD,CLA,55.84,48.4,51.68,70.61,63.1,60.09,289.63,57.926,104.24,133.71
111,ABMC-JOURN,CLA,66.01,42.05,66.81,63.45,26.06,60.09,264.38,52.876,108.06,89.51
112,BAHISTORY,CLA,68.5,48.4,36.55,44.18,63.1,60.09,260.73,52.146,116.9,107.28
113,BAHISTORY,CLA,31.88,71.99,72.66,53.82,83.75,60.09,314.1,62.82,103.87,137.57
114,BAHISTORY,CLA,58.56,66.85,51.68,24.91,72.9,60.09,274.9,54.98,125.41,97.81
115,BAHISTORY,CLA,63.53,35.7,51.68,34.54,83.75,60.09,269.2,53.84,99.23,118.29
116,BAHISTORY,CLA,55.84,82.26,36.55,24.91,72.9,60.09,272.46,54.492,138.1,97.81
117,BAHISTORY,CLA,49.95,42.05,85.06,53.82,53.29,60.09,284.17,56.834,92.0,107.11
118,BAHISTORY,CLA,55.84,82.26,59.25,10.45,72.9,60.09,280.7,56.14,138.1,83.35
119,BS ECO,CLA,70.75,66.85,7.54,70.61,43.49,60.09,259.24,51.848,137.6,114.1
120,BS ECO,CLA,41.05,66.85,59.25,79.96,53.29,60.09,300.4,60.08,107.9,133.25
121,BS ECO,CLA,55.84,54.75,59.25,53.82,63.1,60.09,286.76,57.352,110.59,116.92
122,BS PSYCH,CLA,70.75,15.12,76.79,14.31,83.75,60.09,260.72,52.144,85.87,98.06
123,AB ENG,CLA,63.53,54.75,59.25,24.91,72.9,61.37,275.34,55.068,118.28,97.81
124,AB ENG,CLA,70.75,42.05,59.25,53.82,33.69,61.37,259.56,51.912,112.8,87.51
125,AB ENG,CLA,55.84,77.12,66.81,24.91,53.29,61.37,277.97,55.594,132.96,78.2
126,AB FIL,CLA,47.0,82.26,59.25,18.16,83.75,61.37,290.42,58.084,129.26,101.91
127,AB FIL,CLA,74.8,48.4,36.55,44.18,43.49,61.37,247.42,49.484,123.2,87.67
128,AB JOURN,CLA,44.05,42.05,66.81,92.22,53.29,61.37,298.42,59.684,86.1,145.51
129,AB JOURN,CLA,55.84,30.03,72.66,84.63,43.49,61.37,286.65,57.33,85.87,128.12
130,AB JOURN,CLA,70.75,61.11,51.68,34.54,33.69,61.37,251.77,50.354,131.86,68.23
131,AB POLSCI,CLA,47.0,66.85,59.25,63.45,72.9,61.37,309.45,61.89,113.85,136.35
132,AB POLSCI,CLA,58.56,48.4,72.66,63.45,43.49,61.37,286.56,57.312,106.96,106.94
133,AB POLSCI,CLA,72.78,42.05,76.79,53.82,9.69,61.37,255.13,51.026,114.83,63.51
134,AB POLSCI,CLA,41.05,66.85,72.66,79.96,43.49,61.37,304.01,60.802,107.9,123.45
135,AB POLSCI,CLA,68.5,77.12,24.36,24.91,63.1,61.37,257.99,51.598,145.62,88.01
136,AB POLSCI,CLA,55.84,48.4,66.81,63.45,63.1,61.37,297.6,59.52,104.24,126.55
137,AB POLSCI,CLA,58.56,61.11,44.12,44.18,79.78,61.37,287.75,57.55,119.67,123.96
138,ABMC-BROAD,CLA,68.5,54.75,29.96,44.18,72.9,61.37,270.29,54.058,123.25,117.08
139,BAHISTORY,CLA,58.56,87.4,24.36,70.61,33.69,61.37,274.62,54.924,145.96,104.3
140,BAHISTORY,CLA,63.53,61.11,36.55,10.45,95.65,61.37,267.29,53.458,124.64,106.1
141,BAHISTORY,CLA,63.53,48.4,44.12,53.82,72.9,61.37,282.77,56.554,111.93,126.72
142,BS ECO,CLA,70.75,35.7,36.55,34.54,83.75,61.37,261.29,52.258,106.45,118.29
143,BS ECO,CLA,61.05,48.4,36.55,70.61,72.9,61.37,289.51,57.902,109.45,143.51
144,BS ECO,CLA,58.56,35.7,59.25,84.63,43.49,61.37,281.63,56.326,94.26,128.12
145,AB ENG,CLA,74.8,71.99,36.55,18.16,43.49,62.48,244.99,48.998,146.79,61.65
146,AB ENG,CLA,58.56,54.75,66.81,63.45,53.29,62.48,296.86,59.372,113.31,116.74
147,AB ENG,CLA,63.53,71.99,24.36,44.18,79.78,62.48,283.84,56.768,135.52,123.96
148,AB JOURN,CLA,76.83,15.12,72.66,53.82,43.49,62.48,261.92,52.384,91.95,97.31
149,AB JOURN,CLA,52.9,71.99,72.66,63.45,33.69,62.48,294.69,58.938,124.89,97.14
150,AB JOURN,CLA,74.8,71.99,44.12,24.91,26.06,62.48,241.88,48.376,146.79,50.97
151,AB POLSCI,CLA,68.5,61.11,76.79,14.31,43.49,62.48,264.2,52.84,129.61,57.8
152,AB POLSCI,CLA,52.9,82.26,80.93,14.31,53.29,62.48,283.69,56.738,135.16,67.6
153,ABMC-BROAD,CLA,61.05,54.75,51.68,70.61,53.29,62.48,291.38,58.276,115.8,123.9
154,ABMC-JOURN,CLA,55.84,66.85,72.66,53.82,43.49,62.48,292.66,58.532,122.69,97.31
155,BAHISTORY,CLA,47.0,77.12,85.06,44.18,33.69,62.48,287.05,57.41,124.12,77.87
156,BAHISTORY,CLA,66.01,48.4,80.93,53.82,20.6,62.48,269.76,53.952,114.41,74.42
157,BAHISTORY,CLA,63.53,71.99,59.25,53.82,26.06,62.48,274.65,54.93,135.52,79.88
158,BAHISTORY,CLA,49.95,48.4,51.68,92.22,53.29,62.48,295.54,59.108,98.35,145.51
159,BAHISTORY,CLA,58.56,87.4,36.55,24.91,72.9,62.48,280.32,56.064,145.96,97.81
160,BAHISTORY,CLA,66.01,42.05,36.55,53.82,83.75,62.48,282.18,56.436,108.06,137.57
161,BAHISTORY,CLA,83.47,20.09,51.68,18.16,63.1,62.48,236.5,47.3,103.56,81.26
162,BS ECO,CLA,72.78,71.99,29.96,63.45,20.6,62.48,258.78,51.756,144.77,84.05
163,BS ECO,CLA,66.01,35.7,59.25,53.82,72.9,62.48,287.68,57.536,101.71,126.72
164,BS ECO,CLA,55.84,66.85,76.79,24.91,63.1,62.48,287.49,57.498,122.69,88.01
165,BS ECO,CLA,55.84,71.99,72.66,34.54,53.29,62.48,288.32,57.664,127.83,87.83
166,BS PSYCH,CLA,78.85,48.4,51.68,79.96,1.06,62.48,259.95,51.99,127.25,81.02
167,BS PSYCH,CLA,66.01,61.11,24.36,89.31,26.06,62.48,266.85,53.37,127.12,115.37
168,AB ENG,CLA,58.56,54.75,29.96,79.96,79.78,63.6,303.01,60.602,113.31,159.74
169,AB ENG,CLA,58.56,48.4,80.93,44.18,63.1,63.6,295.17,59.034,106.96,107.28
170,AB ENG,CLA,76.83,30.03,44.12,70.61,43.49,63.6,265.08,53.016,106.86,114.1
171,AB FIL,CLA,68.5,54.75,72.66,24.91,53.29,63.6,274.11,54.822,123.25,78.2
172,AB FIL,CLA,63.53,61.11,59.25,44.18,63.1,63.6,291.17,58.234,124.64,107.28
173,AB FIL,CLA,58.56,87.4,51.68,34.54,53.29,63.6,285.47,57.094,145.96,87.83
174,AB FIL,CLA,61.05,42.05,66.81,63.45,72.9,63.6,306.26,61.252,103.1,136.35
175,AB JOURN,CLA,66.01,48.4,76.79,79.96,9.69,63.6,280.85,56.17,114.41,89.65
176,AB JOURN,CLA,72.78,54.75,44.12,53.82,43.49,63.6,268.96,53.792,127.53,97.31
177,AB POLSCI,CLA,49.95,54.75,66.81,34.54,95.65,63.6,301.7,60.34,104.7,130.19
178,AB POLSCI,CLA,55.84,66.85,80.93,14.31,79.78,63.6,297.71,59.542,122.69,94.09
179,ABMC-BROAD,CLA,70.75,82.26,36.55,53.82,20.6,63.6,263.98,52.796,153.01,74.42
180,ABMC-JOURN,CLA,44.05,77.12,76.79,63.45,53.29,63.6,314.7,62.94,121.17,116.74
181,BAHISTORY,CLA,72.78,71.99,44.12,34.54,33.69,63.6,257.12,51.424,144.77,68.23
182,BAHISTORY,CLA,52.9,48.4,89.19,18.16,83.75,63.6,292.4,58.48,101.3,101.91
183,BAHISTORY,CLA,61.05,71.99,72.66,34.54,43.49,63.6,283.73,56.746,133.04,78.03
184,BAHISTORY,CLA,70.75,66.85,44.12,18.16,72.9,63.6,272.78,54.556,137.6,91.06
185,BS ECO,CLA,49.95,90.94,24.36,70.61,72.9,63.6,308.76,61.752,140.89,143.51
186,BS ECO,CLA,68.5,77.12,13.15,70.61,53.29,63.6,282.67,56.534,145.62,123.9
187,BS ECO,CLA,74.8,66.85,44.12,34.54,33.69,63.6,254.0,50.8,141.65,68.23
188,BS ECO,CLA,80.58,71.99,44.12,14.31,26.06,63.6,237.06,47.412,152.57,40.37
189,AB ENG,CLA,70.75,71.99,66.81,18.16,43.49,64.72,271.2,54.24,142.74,61.65
190,AB ENG,CLA,52.9,42.05,80.93,53.82,83.75,64.72,313.45,62.69,94.95,137.57
191,AB ENG,CLA,66.01,61.11,44.12,75.28,43.49,64.72,290.01,58.002,127.12,118.77
192,AB ENG,CLA,63.53,61.11,66.81,34.54,72.9,64.72,298.89,59.778,124.64,107.44
193,AB JOURN,CLA,61.05,87.4,36.55,14.31,87.72,64.72,287.03,57.406,148.45,102.03
194,AB POLSCI,CLA,52.9,66.85,59.25,53.82,83.75,64.72,316.57,63.314,119.75,137.57
195,AB POLSCI,CLA,49.95,71.99,72.66,79.96,33.69,64.72,308.25,61.65,121.94,113.65
196,ABMC-BROAD,CLA,61.05,77.12,44.12,63.45,53.29,64.72,299.03,59.806,138.17,116.74
197,ABMC-BROAD,CLA,55.84,48.4,72.66,75.28,63.1,64.72,315.28,63.056,104.24,138.38
198,ABMC-BROAD,CLA,52.9,54.75,89.19,44.18,63.1,64.72,304.12,60.824,107.65,107.28
199,BAHISTORY,CLA,55.84,66.85,51.68,53.82,83.75,64.72,311.94,62.388,122.69,137.57
200,BSN,CN,80.58,54.75,36.55,10.45,43.49,60.09,225.82,45.164,135.33,53.94
201,BSN,CN,68.5,35.7,44.12,44.18,79.78,61.37,272.28,54.456,104.2,123.96
202,BSN,CN,47.0,71.99,66.81,53.82,72.9,62.48,312.52,62.504,118.99,126.72
203,BSN,CN,78.85,87.4,44.12,6.59,26.06,63.6,243.02,48.604,166.25,32.65
204,BSN,CN,52.9,61.11,51.68,84.63,72.9,65.83,323.22,64.644,114.01,157.53
205,BSN,CN,72.78,35.7,51.68,75.28,63.1,66.95,298.54,59.708,108.48,138.38
206,BSN,CN,72.78,66.85,44.12,70.61,43.49,68.07,297.85,59.57,139.63,114.1
207,BSN,CN,70.75,71.99,44.12,53.82,63.1,68.07,303.78,60.756,142.74,116.92
208,BSN,CN,76.83,77.12,51.68,34.54,33.69,68.07,273.86,54.772,153.95,68.23
209,BSN,CN,52.9,48.4,80.93,75.28,79.78,68.07,337.29,67.458,101.3,155.06
210,BSN,CN,74.8,66.85,59.25,34.54,53.29,68.07,288.73,57.746,141.65,87.83
211,BSN,CN,72.78,87.4,18.75,70.61,53.29,69.19,302.83,60.566,160.18,123.9
212,BSN,CN,70.75,54.75,66.81,75.28,43.49,69.19,311.08,62.216,125.5,118.77
213,BSN,CN,76.83,82.26,36.55,24.91,63.1,69.19,283.65,56.73,159.09,88.01
214,BSN,CN,72.78,48.4,72.66,75.28,43.49,70.3,312.61,62.522,121.18,118.77
215,BSN,CN,82.02,54.75,66.81,18.16,63.1,70.3,284.84,56.968,136.77,81.26
216,BSN,CN,23.4,42.05,94.84,98.29,72.9,72.43,331.48,66.296,65.45,171.19
217,BSN,CN,84.91,42.05,59.25,63.45,43.49,72.43,293.15,58.63,126.96,106.94
218,BSN,CN,74.8,48.4,51.68,53.82,91.68,72.43,320.38,64.076,123.2,145.5
219,BSN,CN,49.95,92.88,72.66,63.45,79.78,72.43,358.72,71.744,142.83,143.23
220,BSN,CN,72.78,87.4,76.79,24.91,43.49,72.43,305.37,61.074,160.18,68.4
221,BSN,CN,74.8,54.75,76.79,75.28,33.69,72.43,315.31,63.062,129.55,108.97
222,BSN,CN,68.5,71.99,44.12,70.61,83.75,72.43,338.97,67.794,140.49,154.36
223,BSN,CN,74.8,87.4,44.12,75.28,43.49,74.25,325.09,65.018,162.2,118.77
224,BSN,CN,86.35,66.85,72.66,44.18,26.06,75.16,296.1,59.22,153.2,70.24
225,BSN,CN,78.85,87.4,66.81,24.91,72.9,76.07,330.87,66.174,166.25,97.81
226,BSN,CN,76.83,54.75,72.66,84.63,63.1,76.98,351.97,70.394,131.58,147.73
227,BSN,CN,82.02,92.88,59.25,44.18,33.69,76.98,312.02,62.404,174.9,77.87
228,BSN,CN,70.75,87.4,59.25,75.28,72.9,76.98,365.58,73.116,158.15,148.18
229,BSN,CN,78.85,66.85,80.93,53.82,63.1,76.98,343.55,68.71,145.7,116.92
230,BSN,CN,58.56,92.88,85.06,75.28,63.1,77.9,374.88,74.976,151.44,138.38
231,BSN,CN,63.53,82.26,85.06,75.28,79.78,78.81,385.91,77.182,145.79,155.06
232,BSN,CN,92.71,92.88,36.55,10.45,43.49,78.81,276.08,55.216,185.59,53.94
233,BSN,CN,74.8,87.4,72.66,75.28,53.29,78.81,363.43,72.686,162.2,128.57
234,BSN,CN,87.6,77.12,59.25,10.45,87.72,78.81,322.14,64.428,164.72,98.17
235,BSN,CN,78.85,61.11,72.66,75.28,79.78,78.81,367.68,73.536,139.96,155.06
236,BSN,CN,76.83,54.75,59.25,63.45,98.34,78.81,352.62,70.524,131.58,161.79
237,BSN,CN,78.85,87.4,80.93,34.54,72.9,79.72,354.62,70.924,166.25,107.44
238,BSN,CN,80.58,66.85,66.81,79.96,79.78,80.63,373.98,74.796,147.43,159.74
239,BSN,CN,84.91,66.85,72.66,24.91,91.68,80.63,341.01,68.202,151.76,116.59
240,BSN,CN,84.91,82.26,51.68,70.61,63.1,80.63,352.56,70.512,167.17,133.71
241,BSN,CN,70.75,77.12,94.84,63.45,63.1,80.63,369.26,73.852,147.87,126.55
242,BSN,CN,66.01,87.4,80.93,84.63,79.78,81.43,398.75,79.75,153.41,164.41
243,BSN,CN,76.83,71.99,76.79,79.96,79.78,81.43,385.35,77.07,148.82,159.74
244,BSN,CN,88.66,87.4,89.19,10.45,53.29,82.12,328.99,65.798,176.06,63.74
245,BSN,CN,78.85,71.99,76.79,75.28,83.75,82.12,386.66,77.332,150.84,159.03
246,BSN,CN,72.78,54.75,93.41,75.28,87.72,82.12,383.94,76.788,127.53,163.0
247,BSN,CN,80.58,82.26,66.81,44.18,95.65,82.12,369.48,73.896,162.84,139.83
248,BSN,CN,88.66,77.12,59.25,44.18,79.78,82.12,348.99,69.798,165.78,123.96
249,BSN,CN,78.85,77.12,76.79,79.96,72.9,82.12,385.62,77.124,155.97,152.86
250,BSN,CN,74.8,90.94,36.55,79.96,97.87,82.81,380.12,76.024,165.74,177.83
251,BSN,CN,72.78,71.99,76.79,79.96,95.65,82.81,397.17,79.434,144.77,175.61
252,BSN,CN,86.35,87.4,76.79,63.45,43.49,82.81,357.48,71.496,173.75,106.94
253,BSN,CN,82.02,82.26,36.55,79.96,95.65,83.5,376.44,75.288,164.28,175.61
254,BSN,CN,82.02,71.99,66.81,89.31,79.78,83.5,389.91,77.982,154.01,169.09
255,BSN,CN,82.02,90.94,72.66,53.82,83.75,83.5,383.19,76.638,172.96,137.57
256,BSN,CN,63.53,92.88,91.97,79.96,79.78,83.5,408.12,81.624,156.41,159.74
257,BSN,CN,80.58,82.26,72.66,89.31,63.1,83.5,387.91,77.582,162.84,152.41
258,BSN,CN,82.02,90.94,44.12,84.63,83.75,84.19,385.46,77.092,172.96,168.38
259,BSN,CN,58.56,61.11,85.06,98.97,79.78,84.19,383.48,76.696,119.67,178.75
260,BSN,CN,86.35,66.85,93.41,70.61,43.49,84.19,360.71,72.142,153.2,114.1
261,BSN,CN,82.02,87.4,51.68,92.22,72.9,84.19,386.22,77.244,169.42,165.12
262,BSN,CN,87.6,71.99,91.97,34.54,72.9,84.19,359.0,71.8,159.59,107.44
263,BSN,CN,78.85,90.94,76.79,79.96,72.9,84.19,399.44,79.888,169.79,152.86
264,BSN,CN,83.47,90.94,80.93,53.82,79.78,84.88,388.94,77.788,174.41,133.6
265,BSN,CN,83.47,77.12,66.81,93.38,63.1,84.88,383.88,76.776,160.59,156.48
266,BSN,CN,86.35,66.85,76.79,70.61,87.72,84.88,388.32,77.664,153.2,158.33
267,BSN,CN,88.66,87.4,36.55,84.63,72.9,84.88,370.14,74.028,176.06,157.53
268,BSN,CN,92.71,77.12,72.66,44.18,72.9,85.57,359.57,71.914,169.83,117.08
269,BSN,CN,84.91,71.99,36.55,84.63,98.34,85.57,376.42,75.284,156.9,182.97
270,BSN,CN,80.58,87.4,89.19,79.96,63.1,85.57,400.23,80.046,167.98,143.06
271,BSN,CN,88.66,71.99,76.79,75.28,72.9,85.57,385.62,77.124,160.65,148.18
272,BSN,CN,83.47,77.12,80.93,75.28,83.75,85.57,400.55,80.11,160.59,159.03
273,BSN,CN,74.8,77.12,93.41,70.61,91.68,85.57,407.62,81.524,151.92,162.29
274,BSN,CN,86.35,92.88,76.79,70.61,63.1,86.26,389.73,77.946,179.23,133.71
275,BSN,CN,91.83,94.82,72.66,34.54,53.29,86.26,347.14,69.428,186.65,87.83
276,BSN,CN,80.58,71.99,85.06,89.31,83.75,86.26,410.69,82.138,152.57,173.06
277,BSN,CN,83.47,61.11,91.97,79.96,83.75,86.26,400.26,80.052,144.58,163.71
278,BSN,CN,90.77,87.4,85.06,44.18,63.1,86.95,370.51,74.102,178.17,107.28
279,BSN,CN,96.52,71.99,66.81,34.54,63.1,86.95,332.96,66.592,168.51,97.64
280,BSN,CN,91.83,77.12,72.66,75.28,63.1,86.95,379.99,75.998,168.95,138.38
281,BSN,CN,90.77,71.99,93.41,70.61,43.49,87.64,370.27,74.054,162.76,114.1
282,BSN,CN,94.11,92.88,44.12,53.82,72.9,87.64,357.83,71.566,186.99,126.72
283,BSN,CN,87.6,92.88,59.25,53.82,95.65,87.64,389.2,77.84,180.48,149.47
284,BSN,CN,86.35,94.82,89.19,63.45,53.29,87.64,387.1,77.42,181.17,116.74
285,BSN,CN,89.71,61.11,66.81,89.31,87.72,87.64,394.66,78.932,150.82,177.03
286,BSN,CN,78.85,92.88,59.25,93.38,87.72,87.64,412.08,82.416,171.73,181.1
287,BSN,CN,90.77,82.26,76.79,53.82,83.75,87.64,387.39,77.478,173.03,137.57
288,BSN,CN,91.83,82.26,89.19,53.82,53.29,87.64,370.39,74.078,174.09,107.11
289,BSN,CN,76.83,87.4,89.19,89.31,87.72,88.22,430.45,86.09,164.23,177.03
290,BSN,CN,92.71,71.99,59.25,70.61,91.68,88.22,386.24,77.248,164.7,162.29
291,BSN,CN,94.11,71.99,89.19,24.91,79.78,88.22,359.98,71.996,166.1,104.69
292,BSN,CN,83.47,98.7,59.25,84.63,79.78,88.22,405.83,81.166,182.17,164.41
293,BSN,CN,89.71,35.7,96.28,93.38,53.29,88.7,368.36,73.672,125.41,146.67
294,BSN,CN,82.02,71.99,80.93,93.38,91.68,88.7,420.0,84.0,154.01,185.06
295,BSN,CN,86.35,87.4,89.19,79.96,72.9,88.7,415.8,83.16,173.75,152.86
296,BSN,CN,88.66,90.94,76.79,79.96,72.9,88.7,409.25,81.85,179.6,152.86
297,BSN,CN,91.83,66.85,91.97,84.63,43.49,88.7,378.77,75.754,158.68,128.12
298,BSN,CN,83.47,94.82,59.25,79.96,95.65,88.7,413.15,82.63,178.29,175.61
299,BSN,CN,93.41,82.26,72.66,63.45,83.75,89.17,395.53,79.106,175.67,147.2
300,BEED,CTE,44.05,82.26,36.55,75.28,53.29,60.09,291.43,58.286,126.31,128.57
301,BCAE,CTE,63.53,61.11,44.12,53.82,53.29,61.37,275.87,55.174,124.64,107.11
302,BCAE,CTE,55.84,87.4,51.68,34.54,53.29,62.48,282.75,56.55,143.24,87.83
303,BEED,CTE,78.85,20.09,29.96,70.61,63.1,62.48,262.61,52.522,98.94,133.71
304,BEED,CTE,58.56,66.85,66.81,63.45,33.69,62.48,289.36,57.872,125.41,97.14
305,BSNE,CTE,70.75,77.12,51.68,6.59,63.1,62.48,269.24,53.848,147.87,69.69
306,BCAE,CTE,76.83,48.4,72.66,34.54,20.6,63.6,253.03,50.606,125.23,55.14
307,BEED,CTE,61.05,77.12,29.96,53.82,72.9,63.6,294.85,58.97,138.17,126.72
308,BEED,CTE,70.75,48.4,66.81,34.54,53.29,63.6,273.79,54.758,119.15,87.83
309,BEED,CTE,61.05,48.4,51.68,79.96,79.78,66.95,320.87,64.174,109.45,159.74
310,BEED,CTE,80.58,66.85,29.96,44.18,43.49,66.95,265.06,53.012,147.43,87.67
311,BEED,CTE,80.58,35.7,36.55,70.61,53.29,66.95,276.73,55.346,116.28,123.9
312,BSNE,CTE,76.83,82.26,44.12,24.91,33.69,66.95,261.81,52.362,159.09,58.6
313,BEED,CTE,70.75,87.4,66.81,44.18,20.6,68.07,289.74,57.948,158.15,64.78
314,BCAE,CTE,72.78,66.85,66.81,70.61,26.06,69.19,303.11,60.622,139.63,96.67
315,BEED,CTE,80.58,87.4,3.34,53.82,72.9,69.19,298.04,59.608,167.98,126.72
316,BEED,CTE,66.01,54.75,80.93,63.45,53.29,69.19,318.43,63.686,120.76,116.74
317,BSNE,CTE,55.84,66.85,59.25,84.63,72.9,69.19,339.47,67.894,122.69,157.53
318,BEED,CTE,66.01,71.99,59.25,53.82,79.78,70.3,330.85,66.17,138.0,133.6
319,BSNE,CTE,76.83,42.05,44.12,79.96,63.1,70.3,306.06,61.212,118.88,143.06
320,BEED,CTE,68.5,77.12,36.55,79.96,63.1,71.42,325.23,65.046,145.62,143.06
321,BEED,CTE,61.05,66.85,72.66,89.31,43.49,71.42,333.36,66.672,127.9,132.8
322,BSNE,CTE,72.78,48.4,72.66,75.28,53.29,71.42,322.41,64.482,121.18,128.57
323,BSNE,CTE,58.56,66.85,76.79,84.63,53.29,71.42,340.12,68.024,125.41,137.92
324,BCAE,CTE,66.01,42.05,80.93,84.63,63.1,72.43,336.72,67.344,108.06,147.73
325,BEED,CTE,74.8,61.11,44.12,70.61,79.78,72.43,330.42,66.084,135.91,150.39
326,BCAE,CTE,68.5,82.26,89.19,44.18,33.69,73.34,317.82,63.564,150.76,77.87
327,BEED,CTE,74.8,61.11,85.06,18.16,79.78,73.34,318.91,63.782,135.91,97.94
328,BSNE,CTE,76.83,90.94,72.66,34.54,26.06,73.34,301.03,60.206,167.77,60.6
329,BSNE,CTE,66.01,90.94,72.66,53.82,53.29,73.34,336.72,67.344,156.95,107.11
330,BSNE,CTE,78.85,82.26,72.66,18.16,53.29,73.34,305.22,61.044,161.11,71.45
331,BSNE,CTE,52.9,54.75,89.19,75.28,87.72,73.34,359.84,71.968,107.65,163.0
332,BEED,CTE,72.78,61.11,59.25,84.63,63.1,74.25,340.87,68.174,133.89,147.73
333,BEED,CTE,78.85,42.05,89.19,44.18,63.1,74.25,317.37,63.474,120.9,107.28
334,BSNE,CTE,72.78,90.94,66.81,34.54,63.1,74.25,328.17,65.634,163.72,97.64
335,BSNE,CTE,66.01,92.88,66.81,34.54,79.78,74.25,340.02,68.004,158.89,114.32
336,BSNE,CTE,78.85,30.03,72.66,44.18,95.65,74.25,321.37,64.274,108.88,139.83
337,BCAE,CTE,66.01,82.26,59.25,79.96,72.9,75.16,360.38,72.076,148.27,152.86
338,BEED,CTE,68.5,61.11,80.93,79.96,63.1,75.16,353.6,70.72,129.61,143.06
339,BEED,CTE,74.8,92.88,72.66,34.54,43.49,75.16,318.37,63.674,167.68,78.03
340,BSNE,CTE,76.83,71.99,98.58,10.45,26.06,75.16,283.91,56.782,148.82,36.51
341,BSNE,CTE,74.8,77.12,66.81,63.45,63.1,75.16,345.28,69.056,151.92,126.55
342,BEED,CTE,72.78,87.4,66.81,53.82,72.9,76.07,353.71,70.742,160.18,126.72
343,BEED,CTE,80.58,61.11,76.79,53.82,63.1,76.07,335.4,67.08,141.69,116.92
344,BEED,CTE,74.8,66.85,76.79,34.54,87.72,76.07,340.7,68.14,141.65,122.26
345,BEED,CTE,66.01,77.12,80.93,84.63,43.49,76.07,352.18,70.436,143.13,128.12
346,BEED,CTE,74.8,61.11,59.25,70.61,87.72,76.07,353.49,70.698,135.91,158.33
347,BSED VEDUC,CTE,68.5,54.75,91.97,70.61,72.9,76.07,358.73,71.746,123.25,143.51
348,BSNE,CTE,80.58,82.26,44.12,63.45,63.1,76.07,333.51,66.702,162.84,126.55
349,BEED,CTE,86.35,54.75,66.81,63.45,53.29,76.98,324.65,64.93,141.1,116.74
350,BSED VEDUC,CTE,78.85,61.11,85.06,79.96,26.06,76.98,331.04,66.208,139.96,106.02
351,BSED VEDUC,CTE,87.6,61.11,44.12,63.45,63.1,76.98,319.38,63.876,148.71,126.55
352,BSED VEDUC,CTE,74.8,87.4,76.79,70.61,33.69,76.98,343.29,68.658,162.2,104.3
353,BSNE,CTE,86.35,71.99,51.68,63.45,43.49,76.98,316.96,63.392,158.34,106.94
354,BSNE,CTE,80.58,48.4,66.81,75.28,79.78,76.98,350.85,70.17,128.98,155.06
355,BSNE,CTE,84.91,71.99,72.66,24.91,63.1,76.98,317.57,63.514,156.9,88.01
356,BEED,CTE,74.8,82.26,59.25,84.63,53.29,77.9,354.23,70.846,157.06,137.92
357,BEED,CTE,72.78,87.4,80.93,79.96,26.06,77.9,347.13,69.426,160.18,106.02
358,BEED,CTE,61.05,71.99,89.19,89.31,63.1,77.9,374.64,74.928,133.04,152.41
359,BEED,CTE,63.53,77.12,93.41,75.28,53.29,77.9,362.63,72.526,140.65,128.57
360,BEED,CTE,91.83,61.11,80.93,6.59,53.29,77.9,293.75,58.75,152.94,59.88
361,BSNE,CTE,74.8,48.4,72.66,84.63,83.75,77.9,364.24,72.848,123.2,168.38
362,BSNE,CTE,70.75,71.99,72.66,89.31,63.1,77.9,367.81,73.562,142.74,152.41
363,BEED,CTE,74.8,61.11,72.66,79.96,83.75,78.81,372.28,74.456,135.91,163.71
364,BEED,CTE,78.85,82.26,44.12,92.22,43.49,78.81,340.94,68.188,161.11,135.71
365,BEED,CTE,84.91,71.99,85.06,24.91,53.29,78.81,320.16,64.032,156.9,78.2
366,BSNE,CTE,86.35,54.75,80.93,34.54,72.9,78.81,329.47,65.894,141.1,107.44
367,BEED,CTE,87.6,82.26,72.66,44.18,33.69,79.72,320.39,64.078,169.86,77.87
368,BEED,CTE,76.83,61.11,85.06,63.45,83.75,79.72,370.2,74.04,137.94,147.2
369,BSED VEDUC,CTE,86.35,87.4,36.55,44.18,79.78,79.72,334.26,66.852,173.75,123.96
370,BSNE,CTE,90.77,54.75,59.25,24.91,83.75,79.72,313.43,62.686,145.52,108.66
371,BSNE,CTE,89.71,77.12,76.79,24.91,33.69,79.72,302.22,60.444,166.83,58.6
372,BSNE,CTE,70.75,98.7,80.93,44.18,53.29,79.72,347.85,69.57,169.45,97.47
373,BEED,CTE,86.35,61.11,66.81,70.61,72.9,80.63,357.78,71.556,147.46,143.51
374,BEED,CTE,88.66,71.99,44.12,44.18,83.75,80.63,332.7,66.54,160.65,127.93
375,BSED,CTE,90.77,82.26,51.68,18.16,72.9,80.63,315.77,63.154,173.03,91.06
376,BSNE,CTE,72.78,82.26,85.06,79.96,53.29,80.63,373.35,74.67,155.04,133.25
377,BSNE,CTE,76.83,35.7,93.41,79.96,79.78,80.63,365.68,73.136,112.53,159.74
378,BEED,CTE,68.5,82.26,85.06,70.61,87.72,81.43,394.15,78.83,150.76,158.33
379,BEED,CTE,86.35,82.26,72.66,34.54,72.9,81.43,348.71,69.742,168.61,107.44
380,BEED,CTE,80.58,94.82,89.19,44.18,26.06,81.43,334.83,66.966,175.4,70.24
381,BEED,CTE,87.6,54.75,72.66,79.96,53.29,81.43,348.26,69.652,142.35,133.25
382,BEED,CTE,78.85,87.4,91.97,24.91,72.9,81.43,356.03,71.206,166.25,97.81
383,BSED,CTE,58.56,94.82,66.81,95.71,63.1,81.43,379.0,75.8,153.38,158.81
384,BSED,CTE,78.85,82.26,72.66,63.45,83.75,81.43,380.97,76.194,161.11,147.2
385,BEED,CTE,78.85,77.12,89.19,63.45,72.9,82.12,381.51,76.302,155.97,136.35
386,BEED,CTE,83.47,96.76,76.79,14.31,72.9,82.12,344.23,68.846,180.23,87.21
387,BEED,CTE,78.85,82.26,76.79,44.18,91.68,82.12,373.76,74.752,161.11,135.86
388,BEED,CTE,86.35,82.26,80.93,44.18,53.29,82.12,347.01,69.402,168.61,97.47
389,BEED,CTE,83.47,54.75,76.79,53.82,95.65,82.12,364.48,72.896,138.22,149.47
390,BEED,CTE,83.47,77.12,80.93,53.82,72.9,82.12,368.24,73.648,160.59,126.72
391,BSED,CTE,76.83,87.4,72.66,89.31,53.29,82.12,379.49,75.898,164.23,142.6
392,BSED VEDUC,CTE,83.47,77.12,66.81,79.96,63.1,82.12,370.46,74.092,160.59,143.06
393,BSNE,CTE,84.91,77.12,4.27,89.31,97.87,82.12,353.48,70.696,162.03,187.18
394,BSNE,CTE,82.02,92.88,89.19,14.31,72.9,82.12,351.3,70.26,174.9,87.21
395,BEED,CTE,87.6,77.12,72.66,34.54,83.75,82.81,355.67,71.134,164.72,118.29
396,BEED,CTE,89.71,71.99,59.25,44.18,83.75,82.81,348.88,69.776,161.7,127.93
397,BSED,CTE,72.78,87.4,66.81,79.96,91.68,82.81,398.63,79.726,160.18,171.64
398,BEED,CTE,84.91,71.99,80.93,53.82,83.75,83.5,375.4,75.08,156.9,137.57
399,BEED,CTE,88.66,77.12,51.68,75.28,72.9,83.5,365.64,73.128,165.78,148.18
400,BS MATH,CSM,63.53,54.75,7.54,79.96,72.9,60.09,278.68,55.736,118.28,152.86
401,BS STAT,CSM,52.9,54.75,44.12,44.18,87.72,60.09,283.67,56.734,107.65,131.9
402,BS CHEM,CSM,66.01,66.85,66.81,44.18,20.6,61.37,264.45,52.89,132.86,64.78
403,BS PHYSICS,CSM,58.56,42.05,59.25,75.28,53.29,61.37,288.43,57.686,100.61,128.57
404,BS STAT,CSM,66.01,71.99,29.96,53.82,43.49,61.37,265.27,53.054,138.0,97.31
405,BS BIO,CSM,58.56,54.75,80.93,44.18,43.49,62.48,281.91,56.382,113.31,87.67
406,BS CHEM,CSM,41.05,54.75,80.93,79.96,53.29,62.48,309.98,61.996,95.8,133.25
407,BS MATH,CSM,61.05,35.7,59.25,70.61,72.9,62.48,299.51,59.902,96.75,143.51
408,BS PHYSICS,CSM,31.88,82.26,44.12,93.38,53.29,62.48,304.93,60.986,114.14,146.67
409,BS STAT,CSM,70.75,35.7,59.25,70.61,33.69,62.48,270.0,54.0,106.45,104.3
410,BS STAT,CSM,66.01,61.11,36.55,53.82,63.1,62.48,280.59,56.118,127.12,116.92
411,BS BIO,CSM,68.5,71.99,59.25,53.82,20.6,63.6,274.16,54.832,140.49,74.42
412,BS BIO,CSM,66.01,82.26,66.81,14.31,43.49,63.6,272.88,54.576,148.27,57.8
413,BS MATH,CSM,44.05,42.05,66.81,89.31,79.78,63.6,322.0,64.4,86.1,169.09
414,BS STAT,CSM,76.83,66.85,66.81,18.16,20.6,63.6,249.25,49.85,143.68,38.76
415,BS BIO,CSM,66.01,54.75,29.96,84.63,53.29,64.72,288.64,57.728,120.76,137.92
416,BS MATH,CSM,52.9,54.75,59.25,84.63,63.1,64.72,314.63,62.926,107.65,147.73
417,BS BIO,CSM,63.53,61.11,59.25,44.18,79.78,65.83,307.85,61.57,124.64,123.96
418,BS MATH,CSM,47.0,66.85,72.66,53.82,87.72,65.83,328.05,65.61,113.85,141.54
419,BS MATH,CSM,70.75,61.11,24.36,75.28,63.1,65.83,294.6,58.92,131.86,138.38
420,BS BIO,CSM,66.01,77.12,44.12,53.82,63.1,66.95,304.17,60.834,143.13,116.92
421,BS CHEM,CSM,63.53,42.05,76.79,70.61,63.1,66.95,316.08,63.216,105.58,133.71
422,BS MATH,CSM,63.53,54.75,51.68,84.63,53.29,66.95,307.88,61.576,118.28,137.92
423,BS MATH,CSM,58.56,92.88,13.15,93.38,26.06,66.95,284.03,56.806,151.44,119.44
424,BS STAT,CSM,66.01,25.06,72.66,84.63,63.1,66.95,311.46,62.292,91.07,147.73
425,BS BIO,CSM,68.5,25.06,72.66,70.61,83.75,68.07,320.58,64.116,93.56,154.36
426,BS BIO,CSM,78.85,92.88,7.54,44.18,43.49,68.07,266.94,53.388,171.73,87.67
427,BS MATH,CSM,68.5,54.75,29.96,70.61,87.72,68.07,311.54,62.308,123.25,158.33
428,BS MATH,CSM,74.8,42.05,72.66,63.45,53.29,69.19,306.25,61.25,116.85,116.74
429,BS MATH,CSM,58.56,35.7,85.06,84.63,63.1,69.19,327.05,65.41,94.26,147.73
430,BS MATH,CSM,49.95,82.26,72.66,79.96,53.29,69.19,338.12,67.624,132.21,133.25
431,BS STAT,CSM,70.75,54.75,76.79,63.45,43.49,69.19,309.23,61.846,125.5,106.94
432,BS BIO,CSM,70.75,66.85,59.25,44.18,79.78,70.3,320.81,64.162,137.6,123.96
433,BS BIO,CSM,84.91,61.11,29.96,70.61,26.06,70.3,272.65,54.53,146.02,96.67
434,BS CHEM,CSM,47.0,77.12,76.79,79.96,72.9,70.3,353.77,70.754,124.12,152.86
435,BS BIO,CSM,68.5,61.11,80.93,79.96,26.06,71.42,316.56,63.312,129.61,106.02
436,BS BIO,CSM,58.56,87.4,80.93,63.45,43.49,71.42,333.83,66.766,145.96,106.94
437,BS BIO,CSM,78.85,35.7,94.84,14.31,53.29,71.42,276.99,55.398,114.55,67.6
438,BS BIO,CSM,66.01,54.75,66.81,79.96,72.9,71.42,340.43,68.086,120.76,152.86
439,BS BIO,CSM,68.5,66.85,80.93,24.91,79.78,71.42,320.97,64.194,135.35,104.69
440,BS MATH,CSM,63.53,61.11,51.68,92.22,63.1,71.42,331.64,66.328,124.64,155.32
441,BS MATH,CSM,58.56,42.05,76.79,75.28,91.68,71.42,344.36,68.872,100.61,166.96
442,BS STAT,CSM,80.58,48.4,44.12,79.96,43.49,71.42,296.55,59.31,128.98,123.45
443,BS STAT,CSM,70.75,66.85,36.55,70.61,83.75,71.42,328.51,65.702,137.6,154.36
444,BS STAT,CSM,61.05,66.85,59.25,92.22,53.29,71.42,332.66,66.532,127.9,145.51
445,BS BIO,CSM,55.84,77.12,72.66,75.28,79.78,72.43,360.68,72.136,132.96,155.06
446,BS BIO,CSM,63.53,61.11,76.79,79.96,63.1,72.43,344.49,68.898,124.64,143.06
447,BS BIO,CSM,83.47,77.12,51.68,44.18,26.06,72.43,282.51,56.502,160.59,70.24
448,BS PHYSICS,CSM,74.8,35.7,66.81,94.54,26.06,72.43,297.91,59.582,110.5,120.6
449,BS PHYSICS,CSM,74.8,82.26,66.81,18.16,72.9,72.43,314.93,62.986,157.06,91.06
450,BS STAT,CSM,63.53,77.12,44.12,70.61,87.72,72.43,343.1,68.62,140.65,158.33
451,BS BIO,CSM,70.75,77.12,89.19,6.59,83.75,73.34,327.4,65.48,147.87,90.34
452,BS BIO,CSM,74.8,66.85,24.36,92.22,63.1,73.34,321.33,64.266,141.65,155.32
453,BS BIO,CSM,63.53,82.26,76.79,79.96,33.69,73.34,336.23,67.246,145.79,113.65
454,BS BIO,CSM,74.8,42.05,80.93,44.18,83.75,73.34,325.71,65.142,116.85,127.93
455,BS BIO,CSM,68.5,77.12,66.81,75.28,53.29,73.34,341.0,68.2,145.62,128.57
456,BS CHEM,CSM,82.02,61.11,51.68,63.45,53.29,73.34,311.55,62.31,143.13,116.74
457,BS CHEM,CSM,80.58,61.11,66.81,34.54,72.9,73.34,315.94,63.188,141.69,107.44
458,BS MATH,CSM,72.78,66.85,66.81,75.28,53.29,73.34,335.01,67.002,139.63,128.57
459,BS PHYSICS,CSM,58.56,35.7,72.66,97.62,63.1,73.34,327.64,65.528,94.26,160.72
460,BS STAT,CSM,41.05,61.11,76.79,98.63,43.49,73.34,321.07,64.214,102.16,142.12
461,BS STAT,CSM,80.58,66.85,44.12,70.61,53.29,73.34,315.45,63.09,147.43,123.9
462,BS BIO,CSM,78.85,61.11,44.12,70.61,79.78,74.25,334.47,66.894,139.96,150.39
463,BS BIO,CSM,70.75,77.12,44.12,92.22,43.49,74.25,327.7,65.54,147.87,135.71
464,BS BIO,CSM,76.83,71.99,44.12,53.82,83.75,74.25,330.51,66.102,148.82,137.57
465,BS BIO,CSM,70.75,71.99,76.79,63.45,63.1,74.25,346.08,69.216,142.74,126.55
466,BS MATH,CSM,61.05,66.85,80.93,63.45,87.72,74.25,360.0,72.0,127.9,151.17
467,BS MATH,CSM,70.75,66.85,76.79,70.61,63.1,74.25,348.1,69.62,137.6,133.71
468,BS BIO,CSM,82.02,71.99,51.68,44.18,72.9,75.16,322.77,64.554,154.01,117.08
469,BS BIO,CSM,74.8,77.12,76.79,63.45,43.49,75.16,335.65,67.13,151.92,106.94
470,BS BIO,CSM,74.8,77.12,80.93,63.45,33.69,75.16,329.99,65.998,151.92,97.14
471,BS BIO,CSM,49.95,54.75,96.28,70.61,87.72,75.16,359.31,71.862,104.7,158.33
472,BS BIO,CSM,76.83,77.12,59.25,44.18,79.78,75.16,337.16,67.432,153.95,123.96
473,BS CHEM,CSM,70.75,87.4,59.25,44.18,83.75,75.16,345.33,69.066,158.15,127.93
474,BS BIO,CSM,80.58,82.26,85.06,34.54,26.06,76.07,308.5,61.7,162.84,60.6
475,BS BIO,CSM,76.83,71.99,66.81,63.45,72.9,76.07,351.98,70.396,148.82,136.35
476,BS STAT,CSM,76.83,77.12,66.81,44.18,79.78,76.07,344.72,68.944,153.95,123.96
477,BS STAT,CSM,76.83,42.05,91.97,34.54,83.75,76.07,329.14,65.828,118.88,118.29
478,BS STAT,CSM,61.05,71.99,93.41,93.38,15.15,76.07,334.98,66.996,133.04,108.53
479,BS STAT,CSM,70.75,61.11,76.79,70.61,83.75,76.07,363.01,72.602,131.86,154.36
480,BS BIO,CSM,72.78,82.26,59.25,79.96,63.1,76.98,357.35,71.47,155.04,143.06
481,BS BIO,CSM,83.47,66.85,66.81,44.18,72.9,76.98,334.21,66.842,150.32,117.08
482,BS BIO,CSM,86.35,77.12,51.68,44.18,53.29,76.98,312.62,62.524,163.47,97.47
483,BS BIO,CSM,47.0,94.82,89.19,63.45,83.75,76.98,378.21,75.642,141.82,147.2
484,BS BIO,CSM,76.83,71.99,76.79,44.18,79.78,76.98,349.57,69.914,148.82,123.96
485,BS MATH,CSM,72.78,96.76,59.25,75.28,26.06,76.98,330.13,66.026,169.54,101.34
486,BS MATH,CSM,83.47,90.94,44.12,63.45,33.69,76.98,315.67,63.134,174.41,97.14
487,BS PHYSICS,CSM,76.83,71.99,59.25,75.28,72.9,76.98,356.25,71.25,148.82,148.18
488,BS BIO,CSM,72.78,77.12,66.81,63.45,87.72,77.9,367.88,73.576,149.9,151.17
489,BS BIO,CSM,58.56,92.88,80.93,70.61,79.78,77.9,382.76,76.552,151.44,150.39
490,BS MATH,CSM,70.75,87.4,66.81,70.61,79.78,77.9,375.35,75.07,158.15,150.39
491,BS MATH,CSM,72.78,82.26,51.68,79.96,79.78,77.9,366.46,73.292,155.04,159.74
492,BS BIO,CSM,70.75,77.12,85.06,75.28,63.1,78.81,371.31,74.262,147.87,138.38
493,BS MATH,CSM,82.02,61.11,36.55,84.63,83.75,78.81,348.06,69.612,143.13,168.38
494,BS BIO,CSM,86.35,66.85,66.81,63.45,63.1,79.72,346.56,69.312,153.2,126.55
495,BS BIO,CSM,70.75,92.88,44.12,75.28,87.72,79.72,370.75,74.15,163.63,163.0
496,BS BIO,CSM,86.35,71.99,59.25,63.45,63.1,79.72,344.14,68.828,158.34,126.55
497,BS BIO,CSM,83.47,54.75,91.97,53.82,53.29,79.72,337.3,67.46,138.22,107.11
498,BS BIO,CSM,72.78,48.4,72.66,93.38,83.75,79.72,370.97,74.194,121.18,177.13
499,BS CHEM,CSM,70.75,90.94,51.68,79.96,83.75,79.72,377.08,75.416,161.69,163.71
500,BSCS,CCS,58.56,87.4,29.96,44.18,43.49,60.09,263.59,52.718,145.96,87.67
501,BSCS,CCS,44.05,77.12,59.25,63.45,53.29,60.09,297.16,59.432,121.17,116.74
502,BSCS,CCS,61.05,77.12,44.12,34.54,43.49,60.09,260.32,52.064,138.17,78.03
503,BSCS,CCS,55.84,48.4,76.79,53.82,43.49,60.09,278.34,55.668,104.24,97.31
504,BSIT,CCS,76.83,35.7,36.55,24.91,63.1,60.09,237.09,47.418,112.53,88.01
505,BSIT,CCS,74.8,25.06,59.25,44.18,43.49,60.09,246.78,49.356,99.86,87.67
506,BSIT,CCS,63.53,77.12,59.25,24.91,26.06,60.09,250.87,50.174,140.65,50.97
507,BSCS,CCS,63.53,61.11,66.81,18.16,63.1,61.37,272.71,54.542,124.64,81.26
508,BSCS,CCS,74.8,35.7,72.66,34.54,26.06,61.37,243.76,48.752,110.5,60.6
509,BSIT,CCS,61.05,42.05,51.68,70.61,63.1,61.37,288.49,57.698,103.1,133.71
510,BSIT,CCS,78.85,66.85,44.12,10.45,33.69,61.37,233.96,46.792,145.7,44.14
511,BSIT,CCS,52.9,66.85,51.68,53.82,72.9,61.37,298.15,59.63,119.75,126.72
512,BSIT,CCS,72.78,61.11,51.68,44.18,26.06,62.48,255.81,51.162,133.89,70.24
513,BSIT,CCS,55.84,82.26,18.75,70.61,72.9,62.48,300.36,60.072,138.1,143.51
514,BSCS,CCS,74.8,30.03,72.66,34.54,53.29,63.6,265.32,53.064,104.83,87.83
515,BSCS,CCS,37.99,48.4,66.81,84.63,87.72,63.6,325.55,65.11,86.39,172.35
516,BSCS,CCS,58.56,48.4,59.25,79.96,53.29,63.6,299.46,59.892,106.96,133.25
517,BSCS,CCS,74.8,25.06,36.55,75.28,63.1,63.6,274.79,54.958,99.86,138.38
518,BSCS,CCS,72.78,77.12,29.96,24.91,53.29,63.6,258.06,51.612,149.9,78.2
519,BSCS,CCS,61.05,71.99,51.68,75.28,33.69,64.72,293.69,58.738,133.04,108.97
520,BSCS,CCS,58.56,54.75,29.96,84.63,79.78,64.72,307.68,61.536,113.31,164.41
521,BSCS,CCS,44.05,71.99,66.81,70.61,79.78,64.72,333.24,66.648,116.04,150.39
522,BSIT,CCS,55.84,77.12,59.25,63.45,53.29,64.72,308.95,61.79,132.96,116.74
523,BSIT,CCS,66.01,61.11,72.66,18.16,72.9,64.72,290.84,58.168,127.12,91.06
524,BSIT,CCS,55.84,66.85,72.66,63.45,53.29,64.72,312.09,62.418,122.69,116.74
525,BSCS,CCS,66.01,48.4,66.81,53.82,72.9,65.83,307.94,61.588,114.41,126.72
526,BSCS,CCS,37.99,77.12,72.66,79.96,72.9,65.83,340.63,68.126,115.11,152.86
527,BSCS,CCS,76.83,54.75,80.93,2.74,63.1,65.83,278.35,55.67,131.58,65.84
528,BSIT,CCS,63.53,71.99,44.12,63.45,63.1,65.83,306.19,61.238,135.52,126.55
529,BSCS,CCS,66.01,87.4,72.66,24.91,33.69,66.95,284.67,56.934,153.41,58.6
530,BSIT,CCS,63.53,61.11,66.81,63.45,63.1,66.95,318.0,63.6,124.64,126.55
531,BSCS,CCS,82.02,54.75,44.12,24.91,63.1,68.07,268.9,53.78,136.77,88.01
532,BSCS,CCS,52.9,61.11,91.97,44.18,72.9,68.07,323.06,64.612,114.01,117.08
533,BSIT,CCS,84.91,61.11,18.75,53.82,43.49,68.07,262.08,52.416,146.02,97.31
534,BSIT,CCS,66.01,54.75,51.68,44.18,91.68,68.07,308.3,61.66,120.76,135.86
535,BSCS,CCS,76.83,61.11,66.81,34.54,53.29,69.19,292.58,58.516,137.94,87.83
536,BSIT,CCS,76.83,66.85,29.96,34.54,83.75,69.19,291.93,58.386,143.68,118.29
537,BSIT,CCS,63.53,42.05,89.19,70.61,53.29,69.19,318.67,63.734,105.58,123.9
538,BSIT,CCS,52.9,61.11,72.66,75.28,83.75,69.19,345.7,69.14,114.01,159.03
539,BSCS,CCS,74.8,71.99,80.93,24.91,33.69,70.3,286.32,57.264,146.79,58.6
540,BSCS,CCS,66.01,20.09,96.28,44.18,83.75,71.42,310.31,62.062,86.1,127.93
541,BSIT,CCS,68.5,61.11,91.97,63.45,26.06,71.42,311.09,62.218,129.61,89.51
542,BSIT,CCS,72.78,42.05,76.79,63.45,72.9,71.42,327.97,65.594,114.83,136.35
543,BSIT,CCS,70.75,61.11,72.66,53.82,72.9,71.42,331.24,66.248,131.86,126.72
544,BSIT,CCS,80.58,66.85,66.81,70.61,15.15,71.42,300.0,60.0,147.43,85.76
545,BSCS,CCS,82.02,25.06,36.55,89.31,72.9,72.43,305.84,61.168,107.08,162.21
546,BSCS,CCS,49.95,87.4,66.81,84.63,72.9,72.43,361.69,72.338,137.35,157.53
547,BSCS,CCS,61.05,48.4,85.06,89.31,53.29,72.43,337.11,67.422,109.45,142.6
548,BSIT,CCS,70.75,66.85,80.93,53.82,53.29,72.43,325.64,65.128,137.6,107.11
549,BSIT,CCS,74.8,82.26,72.66,14.31,72.9,72.43,316.93,63.386,157.06,87.21
550,BSIT,CCS,78.85,30.03,91.97,34.54,63.1,72.43,298.49,59.698,108.88,97.64
551,BSIT,CCS,70.75,77.12,36.55,79.96,63.1,72.43,327.48,65.496,147.87,143.06
552,BSIT,CCS,72.78,35.7,72.66,63.45,87.72,72.43,332.31,66.462,108.48,151.17
553,BSCS,CCS,89.71,42.05,59.25,44.18,33.69,73.34,268.88,53.776,131.76,77.87
554,BSCS,CCS,72.78,61.11,51.68,89.31,53.29,73.34,328.17,65.634,133.89,142.6
555,BSIT,CCS,76.83,35.7,51.68,93.38,53.29,73.34,310.88,62.176,112.53,146.67
556,BSCS,CCS,61.05,77.12,44.12,95.71,53.29,74.25,331.29,66.258,138.17,149.0
557,BSCS,CCS,70.75,82.26,29.96,92.22,53.29,74.25,328.48,65.696,153.01,145.51
558,BSCS,CCS,70.75,35.7,85.06,79.96,72.9,74.25,344.37,68.874,106.45,152.86
559,BSCS,CCS,68.5,87.4,59.25,70.61,63.1,74.25,348.86,69.772,155.9,133.71
560,BSIT,CCS,72.78,48.4,76.79,75.28,72.9,74.25,346.15,69.23,121.18,148.18
561,BSCS,CCS,63.53,35.7,59.25,96.87,83.75,75.16,339.1,67.82,99.23,180.62
562,BSCS,CCS,70.75,77.12,80.93,63.45,53.29,75.16,345.54,69.108,147.87,116.74
563,BSCS,CCS,72.78,54.75,44.12,94.54,63.1,75.16,329.29,65.858,127.53,157.64
564,BSCS,CCS,82.02,54.75,72.66,34.54,83.75,76.07,327.72,65.544,136.77,118.29
565,BSCS,CCS,68.5,66.85,59.25,84.63,83.75,76.07,362.98,72.596,135.35,168.38
566,BSIT,CCS,70.75,61.11,85.06,75.28,63.1,76.07,355.3,71.06,131.86,138.38
567,BSIT,CCS,82.02,71.99,66.81,24.91,79.78,76.07,325.51,65.102,154.01,104.69
568,BSCS,CCS,68.5,66.85,72.66,75.28,87.72,76.98,371.01,74.202,135.35,163.0
569,BSCS,CCS,83.47,66.85,44.12,53.82,83.75,76.98,332.01,66.402,150.32,137.57
570,BSCS,CCS,83.47,71.99,59.25,44.18,72.9,76.98,331.79,66.358,155.46,117.08
571,BSCS,CCS,55.84,66.85,89.19,89.31,79.78,76.98,380.97,76.194,122.69,169.09
572,BSCS,CCS,83.47,61.11,44.12,84.63,53.29,76.98,326.62,65.324,144.58,137.92
573,BSCS,CCS,66.01,66.85,76.79,92.22,63.1,76.98,364.97,72.994,132.86,155.32
574,BSCS,CCS,78.85,61.11,91.97,18.16,79.78,76.98,329.87,65.974,139.96,97.94
575,BSIT,CCS,72.78,71.99,80.93,70.61,63.1,76.98,359.41,71.882,144.77,133.71
576,BSIT,CCS,78.85,71.99,89.19,75.28,15.15,76.98,330.46,66.092,150.84,90.43
577,BSIT,CCS,70.75,61.11,89.19,75.28,63.1,76.98,359.43,71.886,131.86,138.38
578,BSCS,CCS,70.75,71.99,72.66,96.87,20.6,77.9,332.87,66.574,142.74,117.47
579,BSCS,CCS,66.01,54.75,85.06,75.28,91.68,77.9,372.78,74.556,120.76,166.96
580,BSIT,CCS,74.8,77.12,80.93,79.96,33.69,77.9,346.5,69.3,151.92,113.65
581,BSIT,CCS,76.83,66.85,80.93,53.82,79.78,77.9,358.21,71.642,143.68,133.6
582,BSIT,CCS,76.83,66.85,76.79,79.96,53.29,77.9,353.72,70.744,143.68,133.25
583,BSCS,CCS,76.83,71.99,59.25,75.28,83.75,78.81,367.1,73.42,148.82,159.03
584,BSIT,CCS,74.8,77.12,80.93,63.45,72.9,78.81,369.2,73.84,151.92,136.35
585,BSIT,CCS,80.58,71.99,66.81,53.82,83.75,78.81,356.95,71.39,152.57,137.57
586,BSIT,CCS,91.83,48.4,51.68,53.82,63.1,78.81,308.83,61.766,140.23,116.92
587,BSCS,CCS,78.85,90.94,91.97,24.91,43.49,79.72,330.16,66.032,169.79,68.4
588,BSCS,CCS,80.58,61.11,76.79,70.61,79.78,79.72,368.87,73.774,141.69,150.39
589,BSCS,CCS,84.91,61.11,36.55,79.96,83.75,79.72,346.28,69.256,146.02,163.71
590,BSIT,CCS,88.66,61.11,76.79,18.16,79.78,79.72,324.5,64.9,149.77,97.94
591,BSIT,CCS,78.85,71.99,96.28,18.16,63.1,79.72,328.38,65.676,150.84,81.26
592,BSIT,CCS,80.58,54.75,44.12,92.22,83.75,79.72,355.42,71.084,135.33,175.97
593,BSCS,CCS,76.83,87.4,66.81,63.45,83.75,80.63,378.24,75.648,164.23,147.2
594,BSCS,CCS,76.83,82.26,76.79,70.61,72.9,80.63,379.39,75.878,159.09,143.51
595,BSCS,CCS,80.58,77.12,66.81,70.61,79.78,80.63,374.9,74.98,157.7,150.39
596,BSCS,CCS,76.83,71.99,89.19,84.63,33.69,80.63,356.33,71.266,148.82,118.32
597,BSIT,CCS,90.77,66.85,59.25,24.91,79.78,80.63,321.56,64.312,157.62,104.69
598,BSCS,CCS,82.02,77.12,76.79,79.96,43.49,81.43,359.38,71.876,159.14,123.45
599,BSCS,CCS,74.8,82.26,76.79,84.63,63.1,81.43,381.58,76.316,157.06,147.73
600,BS ARCH,College of Architecture,76.83,10.15,72.66,24.91,63.1,60.09,247.65,49.53,86.98,88.01
601,BS ARCH,College of Architecture,74.8,48.4,36.55,14.31,72.9,60.09,246.96,49.392,123.2,87.21
602,BS ARCH,College of Architecture,44.05,71.99,59.25,70.61,53.29,60.09,299.19,59.838,116.04,123.9
603,BS ARCH,College of Architecture,49.95,77.12,51.68,34.54,72.9,60.09,286.19,57.238,127.07,107.44
604,BS ARCH,College of Architecture,44.05,48.4,66.81,70.61,83.75,61.37,313.62,62.724,92.45,154.36
605,BS ARCH,College of Architecture,52.9,77.12,24.36,53.82,83.75,61.37,291.95,58.39,130.02,137.57
606,BS ARCH,College of Architecture,37.99,82.26,59.25,70.61,63.1,61.37,313.21,62.642,120.25,133.71
607,BS ARCH,College of Architecture,44.05,90.94,44.12,63.45,53.29,61.37,295.85,59.17,134.99,116.74
608,BS ARCH,College of Architecture,66.01,66.85,7.54,70.61,72.9,61.37,283.91,56.782,132.86,143.51
609,BS ARCH,College of Architecture,55.84,35.7,66.81,92.22,33.69,62.48,284.26,56.852,91.54,125.91
610,BS ARCH,College of Architecture,68.5,35.7,13.15,92.22,63.1,62.48,272.67,54.534,104.2,155.32
611,BS ARCH,College of Architecture,63.53,87.4,29.96,44.18,43.49,62.48,268.56,53.712,150.93,87.67
612,BS ARCH,College of Architecture,58.56,48.4,51.68,34.54,91.68,62.48,284.86,56.972,106.96,126.22
613,BS ARCH,College of Architecture,63.53,54.75,66.81,53.82,53.29,63.6,292.2,58.44,118.28,107.11
614,BS ARCH,College of Architecture,49.95,77.12,72.66,34.54,72.9,63.6,307.17,61.434,127.07,107.44
615,BS ARCH,College of Architecture,68.5,48.4,66.81,34.54,63.1,63.6,281.35,56.27,116.9,97.64
616,BS ARCH,College of Architecture,37.99,61.11,85.06,84.63,43.49,63.6,312.28,62.456,99.1,128.12
617,BS ARCH,College of Architecture,61.05,82.26,66.81,44.18,26.06,63.6,280.36,56.072,143.31,70.24
618,BS ARCH,College of Architecture,44.05,61.11,85.06,70.61,53.29,63.6,314.12,62.824,105.16,123.9
619,BS ARCH,College of Architecture,52.9,61.11,85.06,24.91,72.9,63.6,296.88,59.376,114.01,97.81
620,BS ARCH,College of Architecture,49.95,77.12,76.79,24.91,79.78,64.72,308.55,61.71,127.07,104.69
621,BS ARCH,College of Architecture,31.88,66.85,59.25,97.95,33.69,64.72,289.62,57.924,98.73,131.64
622,BS ARCH,College of Architecture,44.05,48.4,85.06,84.63,63.1,65.83,325.24,65.048,92.45,147.73
623,BS ARCH,College of Architecture,63.53,48.4,59.25,70.61,72.9,65.83,314.69,62.938,111.93,143.51
624,BS ARCH,College of Architecture,78.85,66.85,18.75,63.45,43.49,65.83,271.39,54.278,145.7,106.94
625,BS ARCH,College of Architecture,72.78,54.75,72.66,24.91,53.29,65.83,278.39,55.678,127.53,78.2
626,BS ARCH,College of Architecture,58.56,66.85,80.93,53.82,43.49,65.83,303.65,60.73,125.41,97.31
627,BS ARCH,College of Architecture,66.01,30.03,80.93,63.45,63.1,65.83,303.52,60.704,96.04,126.55
628,BS ARCH,College of Architecture,49.95,87.4,51.68,79.96,43.49,65.83,312.48,62.496,137.35,123.45
629,BS ARCH,College of Architecture,74.8,48.4,66.81,63.45,33.69,66.95,287.15,57.43,123.2,97.14
630,BS ARCH,College of Architecture,63.53,54.75,51.68,79.96,63.1,66.95,313.02,62.604,118.28,143.06
631,BS ARCH,College of Architecture,72.78,61.11,72.66,24.91,53.29,66.95,284.75,56.95,133.89,78.2
632,BS ARCH,College of Architecture,66.01,48.4,91.97,70.61,20.6,68.07,297.59,59.518,114.41,91.21
633,BS ARCH,College of Architecture,58.56,71.99,80.93,34.54,72.9,68.07,318.92,63.784,130.55,107.44
634,BS ARCH,College of Architecture,55.84,66.85,44.12,93.38,53.29,68.07,313.48,62.696,122.69,146.67
635,BS ARCH,College of Architecture,74.8,42.05,76.79,70.61,33.69,69.19,297.94,59.588,116.85,104.3
636,BS ARCH,College of Architecture,70.75,61.11,66.81,44.18,72.9,69.19,315.75,63.15,131.86,117.08
637,BS ARCH,College of Architecture,76.83,42.05,72.66,70.61,33.69,69.19,295.84,59.168,118.88,104.3
638,BS ARCH,College of Architecture,49.95,48.4,89.19,70.61,83.75,69.19,341.9,68.38,98.35,154.36
639,BS ARCH,College of Architecture,74.8,66.85,44.12,44.18,72.9,69.19,302.85,60.57,141.65,117.08
640,BS ARCH,College of Architecture,55.84,71.99,29.96,89.31,83.75,69.19,330.85,66.17,127.83,173.06
641,BS ARCH,College of Architecture,58.56,48.4,93.41,44.18,79.78,70.3,324.33,64.866,106.96,123.96
642,BS ARCH,College of Architecture,44.05,71.99,80.93,92.22,53.29,70.3,342.48,68.496,116.04,145.51
643,BS ARCH,College of Architecture,70.75,35.7,76.79,89.31,33.69,70.3,306.24,61.248,106.45,123.0
644,BS ARCH,College of Architecture,55.84,82.26,72.66,70.61,72.9,71.42,354.27,70.854,138.1,143.51
645,BS ARCH,College of Architecture,61.05,66.85,85.06,70.61,63.1,72.43,346.67,69.334,127.9,133.71
646,BS ARCH,College of Architecture,61.05,77.12,66.81,84.63,53.29,72.43,342.9,68.58,138.17,137.92
647,BS ARCH,College of Architecture,61.05,77.12,51.68,79.96,79.78,72.43,349.59,69.918,138.17,159.74
648,BS ARCH,College of Architecture,72.78,87.4,59.25,34.54,63.1,72.43,317.07,63.414,160.18,97.64
649,BS ARCH,College of Architecture,61.05,66.85,85.06,79.96,53.29,73.34,346.21,69.242,127.9,133.25
650,BS ARCH,College of Architecture,68.5,77.12,76.79,75.28,33.69,73.34,331.38,66.276,145.62,108.97
651,BS ARCH,College of Architecture,80.58,54.75,59.25,53.82,79.78,74.25,328.18,65.636,135.33,133.6
652,BS ARCH,College of Architecture,68.5,71.99,76.79,63.45,72.9,74.25,353.63,70.726,140.49,136.35
653,BS ARCH,College of Architecture,72.78,77.12,66.81,34.54,83.75,74.25,335.0,67.0,149.9,118.29
654,BS ARCH,College of Architecture,78.85,77.12,76.79,18.16,63.1,74.25,314.02,62.804,155.97,81.26
655,BS ARCH,College of Architecture,63.53,71.99,59.25,92.22,63.1,74.25,350.09,70.018,135.52,155.32
656,BS ARCH,College of Architecture,58.56,48.4,80.93,79.96,91.68,74.25,359.53,71.906,106.96,171.64
657,BS ARCH,College of Architecture,66.01,87.4,44.12,75.28,83.75,75.16,356.56,71.312,153.41,159.03
658,BS ARCH,College of Architecture,68.5,66.85,51.68,92.22,72.9,75.16,352.15,70.43,135.35,165.12
659,BS ARCH,College of Architecture,78.85,48.4,85.06,44.18,72.9,75.16,329.39,65.878,127.25,117.08
660,BS ARCH,College of Architecture,80.58,66.85,59.25,63.45,63.1,75.16,333.23,66.646,147.43,126.55
661,BS ARCH,College of Architecture,76.83,92.88,51.68,53.82,43.49,75.16,318.7,63.74,169.71,97.31
662,BS ARCH,College of Architecture,63.53,92.88,51.68,63.45,83.75,75.16,355.29,71.058,156.41,147.2
663,BS ARCH,College of Architecture,82.02,66.85,72.66,18.16,83.75,76.07,323.44,64.688,148.87,101.91
664,BS ARCH,College of Architecture,76.83,71.99,76.79,63.45,53.29,76.07,342.35,68.47,148.82,116.74
665,BS ARCH,College of Architecture,72.78,82.26,93.41,10.45,79.78,76.98,338.68,67.736,155.04,90.23
666,BS ARCH,College of Architecture,66.01,66.85,85.06,70.61,83.75,76.98,372.28,74.456,132.86,154.36
667,BS ARCH,College of Architecture,91.83,30.03,72.66,53.82,43.49,76.98,291.83,58.366,121.86,97.31
668,BS ARCH,College of Architecture,76.83,77.12,72.66,63.45,63.1,76.98,353.16,70.632,153.95,126.55
669,BS ARCH,College of Architecture,68.5,71.99,59.25,84.63,87.72,77.9,372.09,74.418,140.49,172.35
670,BS ARCH,College of Architecture,66.01,54.75,89.19,89.31,72.9,77.9,372.16,74.432,120.76,162.21
671,BS ARCH,College of Architecture,86.35,61.11,76.79,34.54,63.1,77.9,321.89,64.378,147.46,97.64
672,BS ARCH,College of Architecture,76.83,77.12,85.06,24.91,83.75,78.81,347.67,69.534,153.95,108.66
673,BS ARCH,College of Architecture,74.8,82.26,93.41,34.54,53.29,78.81,338.3,67.66,157.06,87.83
674,BS ARCH,College of Architecture,83.47,82.26,85.06,18.16,63.1,79.72,332.05,66.41,165.73,81.26
675,BS ARCH,College of Architecture,68.5,71.99,80.93,75.28,91.68,80.63,388.38,77.676,140.49,166.96
676,BS ARCH,College of Architecture,80.58,77.12,59.25,70.61,83.75,80.63,371.31,74.262,157.7,154.36
677,BS ARCH,College of Architecture,89.71,82.26,66.81,34.54,43.49,80.63,316.81,63.362,171.97,78.03
678,BS ARCH,College of Architecture,70.75,87.4,51.68,95.71,53.29,80.63,358.83,71.766,158.15,149.0
679,BS ARCH,College of Architecture,89.71,94.82,18.75,24.91,83.75,81.43,311.94,62.388,184.53,108.66
680,BS ARCH,College of Architecture,70.75,71.99,96.28,34.54,87.72,81.43,361.28,72.256,142.74,122.26
681,BS ARCH,College of Architecture,90.77,77.12,72.66,18.16,63.1,81.43,321.81,64.362,167.89,81.26
682,BS ARCH,College of Architecture,86.35,90.94,51.68,79.96,33.69,82.12,342.62,68.524,177.29,113.65
683,BS ARCH,College of Architecture,84.91,94.82,29.96,53.82,83.75,82.12,347.26,69.452,179.73,137.57
684,BS ARCH,College of Architecture,86.35,82.26,36.55,75.28,79.78,82.12,360.22,72.044,168.61,155.06
685,BS ARCH,College of Architecture,83.47,61.11,72.66,75.28,83.75,82.12,376.27,75.254,144.58,159.03
686,BS ARCH,College of Architecture,82.02,77.12,44.12,79.96,87.72,82.12,370.94,74.188,159.14,167.68
687,BS ARCH,College of Architecture,87.6,92.88,66.81,44.18,53.29,82.81,344.76,68.952,180.48,97.47
688,BS ARCH,College of Architecture,70.75,54.75,94.84,79.96,87.72,82.81,388.02,77.604,125.5,167.68
689,BS ARCH,College of Architecture,74.8,87.4,80.93,63.45,87.72,82.81,394.3,78.86,162.2,151.17
690,BS ARCH,College of Architecture,61.05,87.4,76.79,95.71,83.75,83.5,404.7,80.94,148.45,179.46
691,BS ARCH,College of Architecture,84.91,54.75,85.06,70.61,83.75,83.5,379.08,75.816,139.66,154.36
692,BS ARCH,College of Architecture,72.78,90.94,76.79,93.38,63.1,84.19,396.99,79.398,163.72,156.48
693,BS ARCH,College of Architecture,70.75,92.88,72.66,95.71,53.29,84.19,385.29,77.058,163.63,149.0
694,BS ARCH,College of Architecture,82.02,71.99,91.97,53.82,83.75,84.19,383.55,76.71,154.01,137.57
695,BS ARCH,College of Architecture,76.83,61.11,76.79,92.22,91.68,84.19,398.63,79.726,137.94,183.9
696,BS ARCH,College of Architecture,61.05,87.4,93.41,84.63,87.72,84.19,414.21,82.842,148.45,172.35
697,BS ARCH,College of Architecture,86.35,61.11,76.79,79.96,83.75,84.88,387.96,77.592,147.46,163.71
698,BS ARCH,College of Architecture,90.77,82.26,36.55,79.96,72.9,84.88,362.44,72.488,173.03,152.86
699,BS ARCH,College of Architecture,76.83,90.94,80.93,75.28,87.72,85.57,411.7,82.34,167.77,163.0
700,BS CRIM,CCJE,55.84,90.94,18.75,44.18,63.1,60.09,272.81,54.562,146.78,107.28
701,BS CRIM,CCJE,52.9,54.75,59.25,24.91,87.72,60.09,279.53,55.906,107.65,112.63
702,BS CRIM,CCJE,58.56,54.75,29.96,63.45,79.78,60.09,286.5,57.3,113.31,143.23
703,BS CRIM,CCJE,63.53,42.05,44.12,44.18,79.78,60.09,273.66,54.732,105.58,123.96
704,BS CRIM,CCJE,52.9,61.11,51.68,79.96,43.49,61.37,289.14,57.828,114.01,123.45
705,BS CRIM,CCJE,44.05,77.12,29.96,75.28,79.78,61.37,306.19,61.238,121.17,155.06
706,BS CRIM,CCJE,63.53,61.11,44.12,44.18,63.1,61.37,276.04,55.208,124.64,107.28
707,BS CRIM,CCJE,68.5,54.75,59.25,53.82,26.06,61.37,262.38,52.476,123.25,79.88
708,BS CRIM,CCJE,58.56,82.26,24.36,63.45,53.29,61.37,281.92,56.384,140.82,116.74
709,BS CRIM,CCJE,68.5,71.99,66.81,34.54,15.15,61.37,256.99,51.398,140.49,49.69
710,BS CRIM,CCJE,68.5,54.75,36.55,63.45,53.29,62.48,276.54,55.308,123.25,116.74
711,BS CRIM,CCJE,76.83,54.75,36.55,63.45,20.6,62.48,252.18,50.436,131.58,84.05
712,BS CRIM,CCJE,41.05,35.7,51.68,97.95,43.49,62.48,269.87,53.974,76.75,141.44
713,BS CRIM,CCJE,58.56,71.99,51.68,70.61,33.69,62.48,286.53,57.306,130.55,104.3
714,BS CRIM,CCJE,82.02,71.99,36.55,24.91,9.69,62.48,225.16,45.032,154.01,34.6
715,BS CRIM,CCJE,41.05,77.12,66.81,63.45,72.9,62.48,321.33,64.266,118.17,136.35
716,BS CRIM,CCJE,61.05,71.99,18.75,63.45,79.78,62.48,295.02,59.004,133.04,143.23
717,BS CRIM,CCJE,68.5,71.99,36.55,44.18,43.49,62.48,264.71,52.942,140.49,87.67
718,BS CRIM,CCJE,68.5,42.05,66.81,34.54,72.9,63.6,284.8,56.96,110.55,107.44
719,BS CRIM,CCJE,61.05,48.4,80.93,53.82,43.49,63.6,287.69,57.538,109.45,97.31
720,BS CRIM,CCJE,70.75,54.75,51.68,70.61,33.69,64.72,281.48,56.296,125.5,104.3
721,BS CRIM,CCJE,61.05,71.99,76.79,34.54,43.49,64.72,287.86,57.572,133.04,78.03
722,BS CRIM,CCJE,74.8,61.11,13.15,63.45,72.9,64.72,285.41,57.082,135.91,136.35
723,BS CRIM,CCJE,68.5,61.11,36.55,53.82,72.9,64.72,292.88,58.576,129.61,126.72
724,BS CRIM,CCJE,63.53,66.85,59.25,75.28,33.69,65.83,298.6,59.72,130.38,108.97
725,BS CRIM,CCJE,82.02,66.85,18.75,34.54,53.29,65.83,255.45,51.09,148.87,87.83
726,BS CRIM,CCJE,68.5,20.09,80.93,70.61,63.1,65.83,303.23,60.646,88.59,133.71
727,BS CRIM,CCJE,80.58,30.03,66.81,44.18,53.29,66.95,274.89,54.978,110.61,97.47
728,BS CRIM,CCJE,47.0,66.85,59.25,89.31,72.9,66.95,335.31,67.062,113.85,162.21
729,BS CRIM,CCJE,66.01,48.4,72.66,63.45,63.1,66.95,313.62,62.724,114.41,126.55
730,BS CRIM,CCJE,72.78,42.05,91.97,44.18,26.06,68.07,277.04,55.408,114.83,70.24
731,BS CRIM,CCJE,63.53,82.26,36.55,79.96,43.49,68.07,305.79,61.158,145.79,123.45
732,BS CRIM,CCJE,78.85,87.4,24.36,44.18,33.69,68.07,268.48,53.696,166.25,77.87
733,BS CRIM,CCJE,74.8,77.12,51.68,63.45,20.6,68.07,287.65,57.53,151.92,84.05
734,BS CRIM,CCJE,70.75,61.11,80.93,14.31,72.9,68.07,300.0,60.0,131.86,87.21
735,BS CRIM,CCJE,74.8,66.85,59.25,34.54,53.29,68.07,288.73,57.746,141.65,87.83
736,BS CRIM,CCJE,58.56,71.99,76.79,44.18,79.78,69.19,331.3,66.26,130.55,123.96
737,BS CRIM,CCJE,63.53,66.85,85.06,34.54,63.1,69.19,313.08,62.616,130.38,97.64
738,BS CRIM,CCJE,55.84,42.05,76.79,75.28,87.72,69.19,337.68,67.536,97.89,163.0
739,BS CRIM,CCJE,63.53,87.4,76.79,24.91,63.1,70.3,315.73,63.146,150.93,88.01
740,BS CRIM,CCJE,72.78,48.4,76.79,53.82,63.1,70.3,314.89,62.978,121.18,116.92
741,BS CRIM,CCJE,52.9,82.26,59.25,70.61,83.75,70.3,348.77,69.754,135.16,154.36
742,BS CRIM,CCJE,70.75,82.26,66.81,18.16,72.9,70.3,310.88,62.176,153.01,91.06
743,BS CRIM,CCJE,78.85,77.12,44.12,79.96,9.69,70.3,289.74,57.948,155.97,89.65
744,BS CRIM,CCJE,74.8,66.85,44.12,34.54,83.75,70.3,304.06,60.812,141.65,118.29
745,BS CRIM,CCJE,74.8,82.26,24.36,53.82,72.9,70.3,308.14,61.628,157.06,126.72
746,BS CRIM,CCJE,47.0,71.99,89.19,75.28,63.1,70.3,346.56,69.312,118.99,138.38
747,BS CRIM,CCJE,83.47,66.85,29.96,34.54,72.9,71.42,287.72,57.544,150.32,107.44
748,BS CRIM,CCJE,76.83,71.99,44.12,44.18,72.9,71.42,310.02,62.004,148.82,117.08
749,BS CRIM,CCJE,55.84,90.94,59.25,70.61,79.78,72.43,356.42,71.284,146.78,150.39
750,BS CRIM,CCJE,68.5,77.12,76.79,44.18,63.1,72.43,329.69,65.938,145.62,107.28
751,BS CRIM,CCJE,66.01,48.4,66.81,89.31,72.9,72.43,343.43,68.686,114.41,162.21
752,BS CRIM,CCJE,86.35,20.09,85.06,24.91,63.1,72.43,279.51,55.902,106.44,88.01
753,BS CRIM,CCJE,74.8,54.75,44.12,53.82,91.68,72.43,319.17,63.834,129.55,145.5
754,BS CRIM,CCJE,76.83,87.4,29.96,34.54,79.78,72.43,308.51,61.702,164.23,114.32
755,BS CRIM,CCJE,68.5,71.99,51.68,84.63,63.1,73.34,339.9,67.98,140.49,147.73
756,BS CRIM,CCJE,74.8,71.99,80.93,34.54,53.29,73.34,315.55,63.11,146.79,87.83
757,BS CRIM,CCJE,68.5,87.4,59.25,53.82,72.9,73.34,341.87,68.374,155.9,126.72
758,BS CRIM,CCJE,83.47,77.12,44.12,44.18,43.49,73.34,292.38,58.476,160.59,87.67
759,BS CRIM,CCJE,52.9,61.11,89.19,63.45,91.68,73.34,358.33,71.666,114.01,155.13
760,BS CRIM,CCJE,80.58,71.99,29.96,75.28,63.1,74.25,320.91,64.182,152.57,138.38
761,BS CRIM,CCJE,74.8,82.26,59.25,34.54,79.78,74.25,330.63,66.126,157.06,114.32
762,BS CRIM,CCJE,84.91,71.99,44.12,44.18,53.29,74.25,298.49,59.698,156.9,97.47
763,BS CRIM,CCJE,63.53,42.05,91.97,79.96,79.78,75.16,357.29,71.458,105.58,159.74
764,BS CRIM,CCJE,76.83,87.4,72.66,34.54,63.1,76.07,334.53,66.906,164.23,97.64
765,BS CRIM,CCJE,66.01,82.26,85.06,75.28,43.49,76.07,352.1,70.42,148.27,118.77
766,BS CRIM,CCJE,72.78,66.85,89.19,24.91,83.75,76.07,337.48,67.496,139.63,108.66
767,BS CRIM,CCJE,80.58,54.75,59.25,84.63,63.1,76.98,342.31,68.462,135.33,147.73
768,BS CRIM,CCJE,70.75,87.4,76.79,53.82,72.9,76.98,361.66,72.332,158.15,126.72
769,BS CRIM,CCJE,66.01,71.99,96.28,44.18,72.9,77.9,351.36,70.272,138.0,117.08
770,BS CRIM,CCJE,80.58,90.94,59.25,75.28,26.06,77.9,332.11,66.422,171.52,101.34
771,BS CRIM,CCJE,68.5,77.12,59.25,79.96,87.72,77.9,372.55,74.51,145.62,167.68
772,BS CRIM,CCJE,47.0,61.11,76.79,98.63,72.9,77.9,356.43,71.286,108.11,171.53
773,BS CRIM,CCJE,76.83,92.88,51.68,44.18,79.78,77.9,345.35,69.07,169.71,123.96
774,BS CRIM,CCJE,83.47,94.82,44.12,24.91,63.1,77.9,310.42,62.084,178.29,88.01
775,BS CRIM,CCJE,82.02,30.03,59.25,95.71,53.29,77.9,320.3,64.06,112.05,149.0
776,BS CRIM,CCJE,76.83,54.75,44.12,95.71,72.9,78.81,344.31,68.862,131.58,168.61
777,BS CRIM,CCJE,76.83,87.4,59.25,53.82,83.75,78.81,361.05,72.21,164.23,137.57
778,BS CRIM,CCJE,76.83,90.94,44.12,84.63,53.29,78.81,349.81,69.962,167.77,137.92
779,BS CRIM,CCJE,80.58,61.11,85.06,34.54,83.75,78.81,345.04,69.008,141.69,118.29
780,BS CRIM,CCJE,72.78,82.26,76.79,34.54,91.68,78.81,358.05,71.61,155.04,126.22
781,BS CRIM,CCJE,74.8,66.85,76.79,70.61,83.75,78.81,372.8,74.56,141.65,154.36
782,BS CRIM,CCJE,88.66,87.4,72.66,18.16,43.49,79.72,310.37,62.074,176.06,61.65
783,BS CRIM,CCJE,82.02,71.99,36.55,53.82,97.87,79.72,342.25,68.45,154.01,151.69
784,BS CRIM,CCJE,61.05,90.94,76.79,89.31,72.9,79.72,390.99,78.198,151.99,162.21
785,BS CRIM,CCJE,74.8,71.99,80.93,63.45,83.75,79.72,374.92,74.984,146.79,147.2
786,BS CRIM,CCJE,70.75,87.4,66.81,79.96,79.78,79.72,384.7,76.94,158.15,159.74
787,BS CRIM,CCJE,83.47,54.75,72.66,70.61,83.75,80.63,365.24,73.048,138.22,154.36
788,BS CRIM,CCJE,84.91,77.12,80.93,34.54,63.1,80.63,340.6,68.12,162.03,97.64
789,BS CRIM,CCJE,86.35,82.26,44.12,84.63,33.69,80.63,331.05,66.21,168.61,118.32
790,BS CRIM,CCJE,70.75,82.26,93.41,75.28,43.49,80.63,365.19,73.038,153.01,118.77
791,BS CRIM,CCJE,82.02,87.4,91.97,34.54,43.49,81.43,339.42,67.884,169.42,78.03
792,BS CRIM,CCJE,87.6,87.4,29.96,63.45,79.78,81.43,348.19,69.638,175.0,143.23
793,BS CRIM,CCJE,92.71,48.4,66.81,44.18,72.9,81.43,325.0,65.0,141.11,117.08
794,BS CRIM,CCJE,74.8,66.85,89.19,84.63,72.9,82.12,388.37,77.674,141.65,157.53
795,BS CRIM,CCJE,88.66,82.26,76.79,34.54,63.1,82.81,345.35,69.07,170.92,97.64
796,BS CRIM,CCJE,90.77,87.4,59.25,53.82,43.49,82.81,334.73,66.946,178.17,97.31
797,BS CRIM,CCJE,76.83,82.26,89.19,53.82,83.75,82.81,385.85,77.17,159.09,137.57
798,BS CRIM,CCJE,68.5,87.4,89.19,79.96,79.78,82.81,404.83,80.966,155.9,159.74
799,BS CRIM,CCJE,80.58,87.4,72.66,79.96,63.1,82.81,383.7,76.74,167.98,143.06
800,BS HE,CHE,66.01,54.75,36.55,44.18,63.1,60.09,264.59,52.918,120.76,107.28
801,BS HE,CHE,61.05,35.7,44.12,63.45,79.78,60.09,284.1,56.82,96.75,143.23
802,BS ND,CHE,49.95,66.85,36.55,84.63,43.49,60.09,281.47,56.294,116.8,128.12
803,BSHM,CHE,47.0,87.4,44.12,70.61,33.69,60.09,282.82,56.564,134.4,104.3
804,BS HE,CHE,66.01,61.11,24.36,70.61,53.29,61.37,275.38,55.076,127.12,123.9
805,BS HE,CHE,52.9,77.12,85.06,24.91,33.69,62.48,273.68,54.736,130.02,58.6
806,BS HE,CHE,63.53,48.4,44.12,75.28,53.29,62.48,284.62,56.924,111.93,128.57
807,BS ND,CHE,49.95,66.85,66.81,63.45,63.1,62.48,310.16,62.032,116.8,126.55
808,BS ND,CHE,61.05,61.11,51.68,63.45,53.29,62.48,290.58,58.116,122.16,116.74
809,BSHM,CHE,52.9,71.99,29.96,89.31,43.49,62.48,287.65,57.53,124.89,132.8
810,BSHM,CHE,86.35,30.03,36.55,6.59,72.9,62.48,232.42,46.484,116.38,79.49
811,BS HE,CHE,70.75,66.85,36.55,34.54,63.1,63.6,271.79,54.358,137.6,97.64
812,BS HE,CHE,58.56,77.12,59.25,53.82,43.49,63.6,292.24,58.448,135.68,97.31
813,BSHM,CHE,37.99,61.11,94.84,44.18,63.1,63.6,301.22,60.244,99.1,107.28
814,BS HE,CHE,61.05,42.05,36.55,89.31,72.9,64.72,301.86,60.372,103.1,162.21
815,BS HE,CHE,76.83,77.12,66.81,2.74,43.49,64.72,266.99,53.398,153.95,46.23
816,BS HE,CHE,52.9,82.26,51.68,63.45,63.1,64.72,313.39,62.678,135.16,126.55
817,BS HE,CHE,61.05,61.11,59.25,53.82,72.9,64.72,308.13,61.626,122.16,126.72
818,BS HE,CHE,58.56,87.4,29.96,70.61,53.29,64.72,299.82,59.964,145.96,123.9
819,BS HE,CHE,68.5,61.11,51.68,70.61,33.69,64.72,285.59,57.118,129.61,104.3
820,BS ND,CHE,80.58,42.05,44.12,14.31,79.78,64.72,260.84,52.168,122.63,94.09
821,BSHM,CHE,58.56,77.12,44.12,79.96,33.69,64.72,293.45,58.69,135.68,113.65
822,BS HE,CHE,66.01,66.85,59.25,53.82,53.29,65.83,299.22,59.844,132.86,107.11
823,BS HE,CHE,63.53,66.85,51.68,79.96,33.69,65.83,295.71,59.142,130.38,113.65
824,BS ND,CHE,68.5,71.99,44.12,79.96,20.6,65.83,285.17,57.034,140.49,100.56
825,BS ND,CHE,63.53,92.88,59.25,0.73,83.75,65.83,300.14,60.028,156.41,84.48
826,BS ND,CHE,55.84,66.85,59.25,70.61,72.9,65.83,325.45,65.09,122.69,143.51
827,BSHM,CHE,70.75,92.88,29.96,34.54,33.69,65.83,261.82,52.364,163.63,68.23
828,BSHM,CHE,76.83,61.11,36.55,70.61,26.06,65.83,271.16,54.232,137.94,96.67
829,BSHM,CHE,68.5,54.75,76.79,34.54,53.29,65.83,287.87,57.574,123.25,87.83
830,BSHM,CHE,70.75,82.26,24.36,89.31,9.69,65.83,276.37,55.274,153.01,99.0
831,BSHM,CHE,76.83,30.03,76.79,44.18,43.49,65.83,271.32,54.264,106.86,87.67
832,BS ND,CHE,66.01,71.99,59.25,24.91,79.78,66.95,301.94,60.388,138.0,104.69
833,BS ND,CHE,68.5,71.99,51.68,53.82,53.29,66.95,299.28,59.856,140.49,107.11
834,BS ND,CHE,68.5,77.12,72.66,24.91,43.49,66.95,286.68,57.336,145.62,68.4
835,BS ND,CHE,49.95,87.4,66.81,70.61,53.29,66.95,328.06,65.612,137.35,123.9
836,BSHM,CHE,76.83,66.85,51.68,70.61,15.15,66.95,281.12,56.224,143.68,85.76
837,BS HE,CHE,58.56,48.4,51.68,89.31,79.78,68.07,327.73,65.546,106.96,169.09
838,BS HE,CHE,68.5,61.11,66.81,53.82,63.1,68.07,313.34,62.668,129.61,116.92
839,BS ND,CHE,76.83,71.99,18.75,79.96,33.69,68.07,281.22,56.244,148.82,113.65
840,BSHM,CHE,70.75,82.26,66.81,18.16,53.29,68.07,291.27,58.254,153.01,71.45
841,BSHM,CHE,74.8,66.85,51.68,44.18,53.29,68.07,290.8,58.16,141.65,97.47
842,BS HE,CHE,52.9,92.88,72.66,34.54,72.9,69.19,325.88,65.176,145.78,107.44
843,BS HE,CHE,37.99,92.88,72.66,63.45,83.75,69.19,350.73,70.146,130.87,147.2
844,BS ND,CHE,82.02,77.12,36.55,70.61,9.69,69.19,275.99,55.198,159.14,80.3
845,BS ND,CHE,52.9,61.11,66.81,84.63,79.78,69.19,345.23,69.046,114.01,164.41
846,BS ND,CHE,76.83,61.11,76.79,24.91,43.49,69.19,283.13,56.626,137.94,68.4
847,BSHM,CHE,68.5,77.12,59.25,53.82,53.29,69.19,311.98,62.396,145.62,107.11
848,BSHM,CHE,80.58,61.11,29.96,34.54,79.78,69.19,285.97,57.194,141.69,114.32
849,BSHM,CHE,72.78,42.05,66.81,89.31,26.06,69.19,297.01,59.402,114.83,115.37
850,BS HE,CHE,80.58,48.4,72.66,34.54,53.29,70.3,289.47,57.894,128.98,87.83
851,BS ND,CHE,52.9,54.75,76.79,84.63,79.78,70.3,348.85,69.77,107.65,164.41
852,BS ND,CHE,70.75,54.75,51.68,70.61,79.78,70.3,327.57,65.514,125.5,150.39
853,BS ND,CHE,76.83,66.85,44.12,53.82,63.1,70.3,304.72,60.944,143.68,116.92
854,BS ND,CHE,66.01,66.85,76.79,70.61,43.49,70.3,323.75,64.75,132.86,114.1
855,BS ND,CHE,68.5,87.4,59.25,44.18,53.29,70.3,312.62,62.524,155.9,97.47
856,BS ND,CHE,72.78,66.85,66.81,53.82,53.29,70.3,313.55,62.71,139.63,107.11
857,BS HE,CHE,63.53,77.12,72.66,75.28,43.49,71.42,332.08,66.416,140.65,118.77
858,BS ND,CHE,82.02,30.03,51.68,89.31,33.69,71.42,286.73,57.346,112.05,123.0
859,BSHM,CHE,74.8,71.99,72.66,24.91,63.1,71.42,307.46,61.492,146.79,88.01
860,BS HE,CHE,66.01,66.85,93.41,18.16,72.9,72.43,317.33,63.466,132.86,91.06
861,BS HE,CHE,61.05,71.99,93.41,44.18,53.29,72.43,323.92,64.784,133.04,97.47
862,BS HE,CHE,70.75,77.12,51.68,79.96,43.49,72.43,323.0,64.6,147.87,123.45
863,BS ND,CHE,63.53,87.4,66.81,63.45,63.1,72.43,344.29,68.858,150.93,126.55
864,BSHM,CHE,68.5,82.26,59.25,53.82,72.9,72.43,336.73,67.346,150.76,126.72
865,BS HE,CHE,61.05,87.4,36.55,84.63,79.78,73.34,349.41,69.882,148.45,164.41
866,BS ND,CHE,76.83,54.75,72.66,44.18,79.78,73.34,328.2,65.64,131.58,123.96
867,BS ND,CHE,72.78,90.94,72.66,44.18,33.69,73.34,314.25,62.85,163.72,77.87
868,BSHM,CHE,83.47,77.12,29.96,53.82,53.29,73.34,297.66,59.532,160.59,107.11
869,BS HE,CHE,72.78,61.11,59.25,70.61,83.75,74.25,347.5,69.5,133.89,154.36
870,BS ND,CHE,66.01,77.12,72.66,79.96,53.29,74.25,349.04,69.808,143.13,133.25
871,BS HE,CHE,76.83,77.12,44.12,79.96,53.29,75.16,331.32,66.264,153.95,133.25
872,BS HE,CHE,72.78,71.99,76.79,75.28,53.29,76.07,350.13,70.026,144.77,128.57
873,BS ND,CHE,82.02,61.11,51.68,63.45,79.78,76.07,338.04,67.608,143.13,143.23
874,BSHM,CHE,83.47,82.26,44.12,70.61,43.49,76.98,323.95,64.79,165.73,114.1
875,BS HE,CHE,68.5,77.12,80.93,70.61,79.78,77.9,376.94,75.388,145.62,150.39
876,BS ND,CHE,78.85,87.4,72.66,34.54,79.78,78.81,353.23,70.646,166.25,114.32
877,BS HE,CHE,84.91,66.85,59.25,75.28,63.1,79.72,349.39,69.878,151.76,138.38
878,BS HE,CHE,78.85,87.4,76.79,84.63,20.6,79.72,348.27,69.654,166.25,105.23
879,BS ND,CHE,72.78,82.26,59.25,89.31,72.9,79.72,376.5,75.3,155.04,162.21
880,BS ND,CHE,82.02,87.4,44.12,70.61,72.9,79.72,357.05,71.41,169.42,143.51
881,BSHM,CHE,80.58,96.76,36.55,44.18,79.78,79.72,337.85,67.57,177.34,123.96
882,BSHM,CHE,76.83,82.26,59.25,84.63,63.1,79.72,366.07,73.214,159.09,147.73
883,BS HE,CHE,78.85,77.12,89.19,70.61,43.49,80.63,359.26,71.852,155.97,114.1
884,BS ND,CHE,88.66,61.11,59.25,75.28,53.29,80.63,337.59,67.518,149.77,128.57
885,BSHM,CHE,63.53,90.94,89.19,44.18,91.68,80.63,379.52,75.904,154.47,135.86
886,BSHM,CHE,84.91,92.88,72.66,34.54,43.49,80.63,328.48,65.696,177.79,78.03
887,BS HE,CHE,70.75,92.88,51.68,84.63,83.75,81.43,383.69,76.738,163.63,168.38
888,BS ND,CHE,90.77,66.85,72.66,14.31,83.75,81.43,328.34,65.668,157.62,98.06
889,BS ND,CHE,87.6,77.12,51.68,63.45,79.78,82.12,359.63,71.926,164.72,143.23
890,BSHM,CHE,87.6,71.99,85.06,34.54,63.1,82.12,342.29,68.458,159.59,97.64
891,BSHM,CHE,80.58,82.26,80.93,70.61,63.1,82.12,377.48,75.496,162.84,133.71
892,BS ND,CHE,80.58,82.26,89.19,84.63,26.06,82.81,362.72,72.544,162.84,110.69
893,BSHM,CHE,83.47,90.94,44.12,63.45,87.72,82.81,369.7,73.94,174.41,151.17
894,BSHM,CHE,87.6,82.26,72.66,75.28,72.9,85.57,390.7,78.14,169.86,148.18
895,BSHM,CHE,80.58,90.94,85.06,79.96,79.78,86.95,416.32,83.264,171.52,159.74
896,BS ND,CHE,86.35,71.99,94.84,84.63,79.78,89.65,417.59,83.518,158.34,164.41
897,BS ND,CHE,99.85,20.09,51.68,24.91,87.72,90.6,284.25,56.85,119.94,112.63
898,BS ND,CHE,86.35,90.94,85.06,92.22,79.78,90.6,434.35,86.87,177.29,172.0
899,BSHM,CHE,96.08,96.76,76.79,53.82,83.75,93.22,407.2,81.44,192.84,137.57
900,BS CD,CSWCD,41.05,82.26,66.81,63.45,43.49,60.09,297.06,59.412,123.31,106.94
901,BS CD,CSWCD,44.05,71.99,51.68,79.96,43.49,60.09,291.17,58.234,116.04,123.45
902,BS CD,CSWCD,70.75,48.4,36.55,44.18,53.29,60.09,253.17,50.634,119.15,97.47
903,BS CD,CSWCD,63.53,61.11,29.96,75.28,33.69,60.09,263.57,52.714,124.64,108.97
904,BS CD,CSWCD,63.53,42.05,59.25,63.45,43.49,60.09,271.77,54.354,105.58,106.94
905,BSSW,CSWCD,49.95,66.85,36.55,75.28,63.1,60.09,291.73,58.346,116.8,138.38
906,BSSW,CSWCD,63.53,48.4,59.25,53.82,43.49,60.09,268.49,53.698,111.93,97.31
907,BS CD,CSWCD,47.0,61.11,76.79,63.45,53.29,61.37,301.64,60.328,108.11,116.74
908,BS CD,CSWCD,70.75,35.7,66.81,34.54,53.29,61.37,261.09,52.218,106.45,87.83
909,BSSW,CSWCD,55.84,25.06,80.93,84.63,33.69,61.37,280.15,56.03,80.9,118.32
910,BSSW,CSWCD,68.5,35.7,59.25,63.45,43.49,61.37,270.39,54.078,104.2,106.94
911,BS CD,CSWCD,66.01,66.85,51.68,34.54,53.29,62.48,272.37,54.474,132.86,87.83
912,BS CD,CSWCD,72.78,48.4,18.75,70.61,63.1,62.48,273.64,54.728,121.18,133.71
913,BSSW,CSWCD,66.01,77.12,24.36,70.61,33.69,62.48,271.79,54.358,143.13,104.3
914,BSSW,CSWCD,68.5,61.11,51.68,34.54,53.29,62.48,269.12,53.824,129.61,87.83
915,BS CD,CSWCD,55.84,42.05,59.25,75.28,79.78,63.6,312.2,62.44,97.89,155.06
916,BS CD,CSWCD,63.53,42.05,59.25,70.61,63.1,63.6,298.54,59.708,105.58,133.71
917,BSSW,CSWCD,52.9,77.12,59.25,70.61,43.49,63.6,303.37,60.674,130.02,114.1
918,BSSW,CSWCD,52.9,71.99,59.25,63.45,63.1,63.6,310.69,62.138,124.89,126.55
919,BS CD,CSWCD,61.05,82.26,51.68,34.54,63.1,64.72,292.63,58.526,143.31,97.64
920,BS CD,CSWCD,70.75,25.06,44.12,79.96,72.9,64.72,292.79,58.558,95.81,152.86
921,BS CD,CSWCD,83.47,35.7,24.36,63.45,43.49,64.72,250.47,50.094,119.17,106.94
922,BS CD,CSWCD,58.56,82.26,85.06,34.54,26.06,65.83,286.48,57.296,140.82,60.6
923,BS CD,CSWCD,70.75,71.99,76.79,24.91,26.06,65.83,270.5,54.1,142.74,50.97
924,BS CD,CSWCD,34.94,66.85,76.79,70.61,91.68,65.83,340.87,68.174,101.79,162.29
925,BS CD,CSWCD,72.78,48.4,36.55,75.28,53.29,65.83,286.3,57.26,121.18,128.57
926,BSSW,CSWCD,72.78,77.12,51.68,18.16,53.29,65.83,273.03,54.606,149.9,71.45
927,BSSW,CSWCD,47.0,82.26,80.93,53.82,53.29,65.83,317.3,63.46,129.26,107.11
928,BS CD,CSWCD,70.75,87.4,24.36,53.82,53.29,66.95,289.62,57.924,158.15,107.11
929,BSSW,CSWCD,68.5,82.26,44.12,53.82,43.49,66.95,292.19,58.438,150.76,97.31
930,BSSW,CSWCD,74.8,42.05,72.66,63.45,33.69,66.95,286.65,57.33,116.85,97.14
931,BSSW,CSWCD,61.05,48.4,89.19,70.61,33.69,66.95,302.94,60.588,109.45,104.3
932,BSSW,CSWCD,78.85,25.06,51.68,18.16,95.65,66.95,269.4,53.88,103.91,113.81
933,BS CD,CSWCD,76.83,61.11,66.81,44.18,33.69,68.07,282.62,56.524,137.94,77.87
934,BS CD,CSWCD,63.53,61.11,51.68,63.45,83.75,68.07,323.52,64.704,124.64,147.2
935,BS CD,CSWCD,63.53,71.99,66.81,63.45,53.29,68.07,319.07,63.814,135.52,116.74
936,BS CD,CSWCD,63.53,42.05,91.97,44.18,63.1,68.07,304.83,60.966,105.58,107.28
937,BSSW,CSWCD,70.75,48.4,51.68,53.82,83.75,68.07,308.4,61.68,119.15,137.57
938,BSSW,CSWCD,74.8,48.4,44.12,63.45,72.9,68.07,303.67,60.734,123.2,136.35
939,BSSW,CSWCD,82.02,30.03,36.55,24.91,91.68,68.07,265.19,53.038,112.05,116.59
940,BSSW,CSWCD,80.58,54.75,66.81,34.54,33.69,68.07,270.37,54.074,135.33,68.23
941,BSSW,CSWCD,61.05,77.12,76.79,44.18,53.29,68.07,312.43,62.486,138.17,97.47
942,BS CD,CSWCD,58.56,71.99,80.93,53.82,63.1,69.19,328.4,65.68,130.55,116.92
943,BS CD,CSWCD,74.8,71.99,51.68,34.54,63.1,69.19,296.11,59.222,146.79,97.64
944,BS CD,CSWCD,74.8,77.12,72.66,53.82,20.6,70.3,299.0,59.8,151.92,74.42
945,BS CD,CSWCD,58.56,87.4,59.25,63.45,72.9,70.3,341.56,68.312,145.96,136.35
946,BSSW,CSWCD,68.5,90.94,36.55,70.61,43.49,70.3,310.09,62.018,159.44,114.1
947,BS CD,CSWCD,74.8,42.05,66.81,75.28,72.9,72.43,331.84,66.368,116.85,148.18
948,BSSW,CSWCD,74.8,82.26,72.66,34.54,43.49,72.43,307.75,61.55,157.06,78.03
949,BS CD,CSWCD,72.78,48.4,76.79,63.45,79.78,73.34,341.2,68.24,121.18,143.23
950,BS CD,CSWCD,83.47,71.99,44.12,24.91,79.78,74.25,304.27,60.854,155.46,104.69
951,BS CD,CSWCD,66.01,77.12,89.19,53.82,53.29,74.25,339.43,67.886,143.13,107.11
952,BSSW,CSWCD,72.78,66.85,51.68,75.28,79.78,74.25,346.37,69.274,139.63,155.06
953,BSSW,CSWCD,58.56,77.12,91.97,70.61,53.29,74.25,351.55,70.31,135.68,123.9
954,BS CD,CSWCD,68.5,71.99,66.81,92.22,43.49,75.16,343.01,68.602,140.49,135.71
955,BS CD,CSWCD,84.91,71.99,76.79,18.16,43.49,75.16,295.34,59.068,156.9,61.65
956,BSSW,CSWCD,74.8,77.12,80.93,44.18,53.29,75.16,330.32,66.064,151.92,97.47
957,BSSW,CSWCD,86.35,61.11,44.12,63.45,53.29,75.16,308.32,61.664,147.46,116.74
958,BSSW,CSWCD,66.01,82.26,59.25,75.28,79.78,75.16,362.58,72.516,148.27,155.06
959,BSSW,CSWCD,70.75,71.99,59.25,63.45,87.72,75.16,353.16,70.632,142.74,151.17
960,BSSW,CSWCD,63.53,90.94,76.79,53.82,79.78,76.07,364.86,72.972,154.47,133.6
961,BS CD,CSWCD,78.85,90.94,29.96,53.82,83.75,76.98,337.32,67.464,169.79,137.57
962,BSSW,CSWCD,78.85,82.26,72.66,24.91,79.78,76.98,338.46,67.692,161.11,104.69
963,BSSW,CSWCD,88.66,61.11,44.12,70.61,43.49,76.98,307.99,61.598,149.77,114.1
964,BSSW,CSWCD,86.35,92.88,51.68,14.31,53.29,76.98,298.51,59.702,179.23,67.6
965,BS CD,CSWCD,78.85,66.85,85.06,63.45,53.29,77.9,347.5,69.5,145.7,116.74
966,BSSW,CSWCD,66.01,66.85,89.19,84.63,63.1,77.9,369.78,73.956,132.86,147.73
967,BSSW,CSWCD,63.53,71.99,91.97,70.61,79.78,77.9,377.88,75.576,135.52,150.39
968,BSSW,CSWCD,70.75,77.12,89.19,53.82,72.9,77.9,363.78,72.756,147.87,126.72
969,BS CD,CSWCD,78.85,71.99,59.25,79.96,72.9,78.81,362.95,72.59,150.84,152.86
970,BSSW,CSWCD,83.47,71.99,59.25,44.18,83.75,78.81,342.64,68.528,155.46,127.93
971,BS CD,CSWCD,76.83,66.85,85.06,92.22,33.69,80.63,354.65,70.93,143.68,125.91
972,BSSW,CSWCD,61.05,90.94,76.79,75.28,91.68,80.63,395.74,79.148,151.99,166.96
973,BS CD,CSWCD,91.83,61.11,85.06,2.74,83.75,81.43,324.49,64.898,152.94,86.49
974,BSSW,CSWCD,91.83,87.4,36.55,18.16,79.78,81.43,313.72,62.744,179.23,97.94
975,BS CD,CSWCD,91.83,77.12,51.68,14.31,87.72,82.12,322.66,64.532,168.95,102.03
976,BSSW,CSWCD,78.85,77.12,80.93,75.28,72.9,82.12,385.08,77.016,155.97,148.18
977,BSSW,CSWCD,78.85,92.88,76.79,53.82,72.9,82.12,375.24,75.048,171.73,126.72
978,BSSW,CSWCD,89.71,82.26,66.81,34.54,79.78,83.5,353.1,70.62,171.97,114.32
979,BSSW,CSWCD,76.83,61.11,85.06,79.96,91.68,83.5,394.64,78.928,137.94,171.64
980,BSSW,CSWCD,87.6,82.26,72.66,79.96,33.69,83.5,356.17,71.234,169.86,113.65
981,BSSW,CSWCD,84.91,87.4,72.66,63.45,72.9,83.5,381.32,76.264,172.31,136.35
982,BS CD,CSWCD,93.41,90.94,44.12,34.54,63.1,84.19,326.11,65.222,184.35,97.64
983,BS CD,CSWCD,83.47,87.4,76.79,70.61,72.9,84.19,391.17,78.234,170.87,143.51
984,BSSW,CSWCD,82.02,90.94,89.19,75.28,43.49,84.88,380.92,76.184,172.96,118.77
985,BSSW,CSWCD,86.35,87.4,76.79,63.45,72.9,84.88,386.89,77.378,173.75,136.35
986,BSSW,CSWCD,84.91,77.12,76.79,70.61,83.75,84.88,393.18,78.636,162.03,154.36
987,BSSW,CSWCD,96.08,82.26,59.25,10.45,79.78,85.57,327.82,65.564,178.34,90.23
988,BSSW,CSWCD,87.6,92.88,59.25,79.96,53.29,85.57,372.98,74.596,180.48,133.25
989,BS CD,CSWCD,82.02,77.12,44.12,94.54,91.68,86.26,389.48,77.896,159.14,186.22
990,BSSW,CSWCD,83.47,90.94,76.79,84.63,72.9,86.95,408.73,81.746,174.41,157.53
991,BSSW,CSWCD,84.91,96.76,85.06,24.91,87.72,87.64,379.36,75.872,181.67,112.63
992,BSSW,CSWCD,78.85,90.94,94.84,63.45,83.75,87.64,411.83,82.366,169.79,147.2
993,BSSW,CSWCD,87.6,92.88,89.19,63.45,63.1,88.22,396.22,79.244,180.48,126.55
994,BSSW,CSWCD,74.8,90.94,72.66,95.71,91.68,88.7,425.79,85.158,165.74,187.39
995,BSSW,CSWCD,87.6,87.4,89.19,75.28,79.78,89.17,419.25,83.85,175.0,155.06
996,BSSW,CSWCD,90.77,87.4,80.93,70.61,79.78,89.17,409.49,81.898,178.17,150.39
997,BSSW,CSWCD,91.83,71.99,91.97,92.22,43.49,90.13,391.5,78.3,163.82,135.71
998,BSSW,CSWCD,90.77,92.88,72.66,79.96,83.75,90.6,420.02,84.004,183.65,163.71
999,BSSW,CSWCD,93.41,92.88,76.79,34.54,97.87,91.56,395.49,79.098,186.29,132.41
1000,CSSPE,CCSPE,47.0,35.7,72.66,79.96,63.1,60.09,298.42,59.684,82.7,143.06
1001,CSSPE,CCSPE,55.84,90.94,7.54,63.45,63.1,60.09,280.87,56.174,146.78,126.55
1002,CSSPE,CCSPE,28.82,87.4,36.55,94.54,33.69,60.09,281.0,56.2,116.22,128.23
1003,CSSPE,CCSPE,70.75,66.85,24.36,44.18,53.29,61.37,259.43,51.886,137.6,97.47
1004,CSSPE,CCSPE,68.5,61.11,36.55,44.18,53.29,61.37,263.63,52.726,129.61,97.47
1005,CSSPE,CCSPE,66.01,82.26,44.12,44.18,20.6,61.37,257.17,51.434,148.27,64.78
1006,CSSPE,CCSPE,49.95,25.06,72.66,44.18,97.87,61.37,289.72,57.944,75.01,142.05
1007,CSSPE,CCSPE,72.78,35.7,51.68,63.45,33.69,61.37,257.3,51.46,108.48,97.14
1008,CSSPE,CCSPE,52.9,71.99,59.25,24.91,79.78,61.37,288.83,57.766,124.89,104.69
1009,CSSPE,CCSPE,49.95,90.94,29.96,63.45,63.1,62.48,297.4,59.48,140.89,126.55
1010,CSSPE,CCSPE,41.05,77.12,59.25,79.96,53.29,62.48,310.67,62.134,118.17,133.25
1011,CSSPE,CCSPE,70.75,54.75,72.66,24.91,33.69,62.48,256.76,51.352,125.5,58.6
1012,CSSPE,CCSPE,28.82,82.26,66.81,63.45,87.72,62.48,329.06,65.812,111.08,151.17
1013,CSSPE,CCSPE,78.85,25.06,66.81,53.82,26.06,62.48,250.6,50.12,103.91,79.88
1014,CSSPE,CCSPE,61.05,66.85,44.12,70.61,53.29,63.6,295.92,59.184,127.9,123.9
1015,CSSPE,CCSPE,61.05,61.11,51.68,53.82,72.9,63.6,300.56,60.112,122.16,126.72
1016,CSSPE,CCSPE,72.78,71.99,44.12,18.16,53.29,63.6,260.34,52.068,144.77,71.45
1017,CSSPE,CCSPE,80.58,61.11,36.55,18.16,43.49,63.6,239.89,47.978,141.69,61.65
1018,CSSPE,CCSPE,55.84,61.11,72.66,63.45,53.29,63.6,306.35,61.27,116.95,116.74
1019,CSSPE,CCSPE,74.8,48.4,44.12,63.45,43.49,64.72,274.26,54.852,123.2,106.94
1020,CSSPE,CCSPE,76.83,66.85,44.12,44.18,26.06,64.72,258.04,51.608,143.68,70.24
1021,CSSPE,CCSPE,72.78,77.12,29.96,63.45,26.06,64.72,269.37,53.874,149.9,89.51
1022,CSSPE,CCSPE,76.83,48.4,72.66,44.18,20.6,64.72,262.67,52.534,125.23,64.78
1023,CSSPE,CCSPE,61.05,77.12,36.55,89.31,26.06,65.83,290.09,58.018,138.17,115.37
1024,CSSPE,CCSPE,72.78,61.11,51.68,63.45,33.69,65.83,282.71,56.542,133.89,97.14
1025,CSSPE,CCSPE,80.58,77.12,36.55,18.16,33.69,65.83,246.1,49.22,157.7,51.85
1026,CSSPE,CCSPE,61.05,48.4,76.79,24.91,91.68,66.95,302.83,60.566,109.45,116.59
1027,CSSPE,CCSPE,55.84,61.11,89.19,75.28,26.06,66.95,307.48,61.496,116.95,101.34
1028,CSSPE,CCSPE,68.5,48.4,36.55,70.61,87.72,68.07,311.78,62.356,116.9,158.33
1029,CSSPE,CCSPE,80.58,77.12,36.55,18.16,53.29,68.07,265.7,53.14,157.7,71.45
1030,CSSPE,CCSPE,52.9,42.05,76.79,75.28,87.72,68.07,334.74,66.948,94.95,163.0
1031,CSSPE,CCSPE,61.05,66.85,80.93,53.82,53.29,68.07,315.94,63.188,127.9,107.11
1032,CSSPE,CCSPE,66.01,25.06,66.81,92.22,72.9,69.19,323.0,64.6,91.07,165.12
1033,CSSPE,CCSPE,66.01,82.26,66.81,44.18,53.29,69.19,312.55,62.51,148.27,97.47
1034,CSSPE,CCSPE,70.75,77.12,59.25,53.82,53.29,70.3,314.23,62.846,147.87,107.11
1035,CSSPE,CCSPE,44.05,77.12,66.81,89.31,79.78,70.3,357.07,71.414,121.17,169.09
1036,CSSPE,CCSPE,72.78,54.75,66.81,70.61,53.29,70.3,318.24,63.648,127.53,123.9
1037,CSSPE,CCSPE,84.91,42.05,24.36,63.45,72.9,70.3,287.67,57.534,126.96,136.35
1038,CSSPE,CCSPE,55.84,54.75,89.19,84.63,43.49,70.3,327.9,65.58,110.59,128.12
1039,CSSPE,CCSPE,58.56,54.75,72.66,75.28,87.72,71.42,348.97,69.794,113.31,163.0
1040,CSSPE,CCSPE,80.58,82.26,66.81,6.59,63.1,71.42,299.34,59.868,162.84,69.69
1041,CSSPE,CCSPE,66.01,87.4,24.36,63.45,91.68,72.43,332.9,66.58,153.41,155.13
1042,CSSPE,CCSPE,66.01,71.99,59.25,79.96,72.9,73.34,350.11,70.022,138.0,152.86
1043,CSSPE,CCSPE,80.58,90.94,72.66,18.16,26.06,73.34,288.4,57.68,171.52,44.22
1044,CSSPE,CCSPE,74.8,77.12,72.66,44.18,53.29,73.34,322.05,64.41,151.92,97.47
1045,CSSPE,CCSPE,72.78,61.11,80.93,70.61,53.29,74.25,338.72,67.744,133.89,123.9
1046,CSSPE,CCSPE,72.78,71.99,59.25,63.45,79.78,74.25,347.25,69.45,144.77,143.23
1047,CSSPE,CCSPE,70.75,54.75,80.93,70.61,72.9,74.25,349.94,69.988,125.5,143.51
1048,CSSPE,CCSPE,76.83,77.12,51.68,53.82,72.9,74.25,332.35,66.47,153.95,126.72
1049,CSSPE,CCSPE,52.9,77.12,91.97,79.96,53.29,74.25,355.24,71.048,130.02,133.25
1050,CSSPE,CCSPE,66.01,54.75,94.84,63.45,63.1,75.16,342.15,68.43,120.76,126.55
1051,CSSPE,CCSPE,49.95,61.11,96.28,79.96,79.78,76.07,367.08,73.416,111.06,159.74
1052,CSSPE,CCSPE,76.83,61.11,59.25,53.82,91.68,76.07,342.69,68.538,137.94,145.5
1053,CSSPE,CCSPE,82.02,54.75,85.06,70.61,33.69,76.98,326.13,65.226,136.77,104.3
1054,CSSPE,CCSPE,41.05,87.4,72.66,94.54,87.72,76.98,383.37,76.674,128.45,182.26
1055,CSSPE,CCSPE,82.02,48.4,80.93,63.45,63.1,76.98,337.9,67.58,130.42,126.55
1056,CSSPE,CCSPE,68.5,82.26,89.19,53.82,63.1,76.98,356.87,71.374,150.76,116.92
1057,CSSPE,CCSPE,70.75,71.99,85.06,63.45,72.9,76.98,364.15,72.83,142.74,136.35
1058,CSSPE,CCSPE,86.35,77.12,51.68,53.82,43.49,76.98,312.46,62.492,163.47,97.31
1059,CSSPE,CCSPE,84.91,66.85,59.25,75.28,43.49,77.9,329.78,65.956,151.76,118.77
1060,CSSPE,CCSPE,66.01,98.7,89.19,18.16,63.1,77.9,335.16,67.032,164.71,81.26
1061,CSSPE,CCSPE,66.01,71.99,76.79,92.22,63.1,77.9,370.11,74.022,138.0,155.32
1062,CSSPE,CCSPE,84.91,82.26,51.68,24.91,83.75,78.81,327.51,65.502,167.17,108.66
1063,CSSPE,CCSPE,78.85,90.94,76.79,70.61,33.69,79.72,350.88,70.176,169.79,104.3
1064,CSSPE,CCSPE,68.5,61.11,72.66,84.63,95.65,79.72,382.55,76.51,129.61,180.28
1065,CSSPE,CCSPE,66.01,35.7,98.86,79.96,72.9,79.72,353.43,70.686,101.71,152.86
1066,CSSPE,CCSPE,70.75,82.26,80.93,84.63,63.1,80.63,381.67,76.334,153.01,147.73
1067,CSSPE,CCSPE,66.01,77.12,72.66,94.54,79.78,81.43,390.11,78.022,143.13,174.32
1068,CSSPE,CCSPE,76.83,94.82,59.25,53.82,91.68,82.81,376.4,75.28,171.65,145.5
1069,CSSPE,CCSPE,84.91,82.26,66.81,44.18,87.72,82.81,365.88,73.176,167.17,131.9
1070,CSSPE,CCSPE,76.83,71.99,85.06,93.38,43.49,82.81,370.75,74.15,148.82,136.87
1071,CSSPE,CCSPE,86.35,87.4,66.81,79.96,43.49,83.5,364.01,72.802,173.75,123.45
1072,CSSPE,CCSPE,86.35,77.12,89.19,84.63,53.29,86.95,390.58,78.116,163.47,137.92
1073,CSSPE,CCSPE,84.91,96.76,89.19,18.16,87.72,87.64,376.74,75.348,181.67,105.88
1074,CSSPE,CCSPE,91.83,61.11,98.86,24.91,83.75,89.65,360.46,72.092,152.94,108.66
