,Course,Pr1,Pr2,Pr3,Pr4,Pr5,Oapr,Course_Label
5,BS AGRI,52.9,77.12,29.96,75.28,53.29,61.37,12
6,BS AGRI,68.5,54.75,36.55,70.61,43.49,62.48,12
7,BS AGRI,74.8,66.85,89.19,93.38,72.9,84.19,12
8,BS AGRI,58.56,66.85,72.66,79.96,33.69,66.95,12
9,BS AGRI,58.56,87.4,80.93,34.54,9.69,62.48,12
10,BS AGRI,82.02,61.11,72.66,53.82,87.72,79.72,12
11,BS AGRI,74.8,71.99,76.79,75.28,79.78,79.72,12
13,BS AGRI,55.84,61.11,59.25,24.91,79.78,60.09,12
15,BS AGRI,61.05,48.4,89.19,44.18,33.69,63.6,12
17,BS AGRI,72.78,61.11,44.12,24.91,79.78,65.83,12
18,BS AGRI,58.56,48.4,59.25,63.45,53.29,60.09,12
19,BS AGRI,66.01,61.11,80.93,75.28,53.29,72.43,12
20,BS AGRI,66.01,54.75,51.68,2.74,95.65,61.37,12
21,BS AGRI,41.05,82.26,66.81,75.28,79.78,66.95,12
22,BS AGRI,96.52,92.88,89.19,94.54,63.1,95.73,12
23,BS AGRI,61.05,82.26,59.25,94.54,26.06,73.34,12
25,BS AGRI,72.78,54.75,24.36,24.91,79.78,61.37,12
26,BS AGRI,78.85,42.05,85.06,92.22,87.72,83.5,12
178,BSCS,80.58,92.88,89.19,63.45,79.78,86.26,30
179,BSCS,74.8,30.03,72.66,34.54,53.29,63.6,30
180,BSCS,94.11,66.85,85.06,95.71,87.72,93.85,30
181,BSCS,76.83,87.4,66.81,63.45,83.75,80.63,30
183,BSCS,84.91,61.11,80.93,79.96,72.9,83.5,30
184,BSCS,61.05,77.12,44.12,95.71,53.29,74.25,30
185,BSCS,91.83,82.26,91.97,24.91,91.68,89.65,30
186,BSCS,72.78,66.85,96.28,79.96,83.75,84.88,30
187,BSCS,82.02,54.75,72.66,34.54,83.75,76.07,30
188,BSCS,88.66,87.4,85.06,53.82,43.49,84.88,30
189,BSCS,97.39,94.82,93.41,92.22,91.68,97.27,30
190,BSCS,89.71,42.05,59.25,44.18,33.69,73.34,30
191,BSCS,82.02,25.06,36.55,89.31,72.9,72.43,30
192,BSCS,68.5,66.85,72.66,75.28,87.72,76.98,30
193,BSCS,76.83,71.99,91.97,34.54,72.9,78.81,30
194,BSCS,88.66,94.82,85.06,63.45,43.49,87.64,30
195,BSCS,63.53,35.7,59.25,96.87,83.75,75.16,30
196,BSCS,70.75,71.99,72.66,96.87,20.6,77.9,30
197,BSCS,86.35,98.7,94.84,70.61,63.1,91.08,30
198,BSCS,76.83,82.26,76.79,70.61,72.9,80.63,30
199,BSCS,83.47,66.85,44.12,53.82,83.75,76.98,30
200,BSCS,70.75,82.26,29.96,92.22,53.29,74.25,30
201,BSCS,66.01,48.4,66.81,53.82,72.9,65.83,30
202,BSCS,49.95,87.4,66.81,84.63,72.9,72.43,30
203,BSCS,37.99,48.4,66.81,84.63,87.72,63.6,30
204,BSCS,63.53,61.11,66.81,18.16,63.1,61.37,30
205,BSCS,83.47,71.99,85.06,92.22,72.9,86.95,30
206,BSCS,78.85,87.4,72.66,79.96,83.75,84.19,30
208,BSCS,83.47,71.99,59.25,44.18,72.9,76.98,30
209,BSCS,58.56,48.4,59.25,79.96,53.29,63.6,30
210,BSCS,90.77,87.4,80.93,96.87,99.28,95.73,30
211,BSCS,80.58,77.12,66.81,70.61,79.78,80.63,30
213,BSCS,61.05,71.99,51.68,75.28,33.69,64.72,30
214,BSCS,74.8,25.06,36.55,75.28,63.1,63.6,30
215,BSCS,94.81,92.88,76.79,89.31,72.9,93.22,30
216,BSCS,89.71,82.26,80.93,70.61,79.78,88.22,30
217,BSCS,92.71,87.4,80.93,53.82,79.78,89.17,30
218,BSCS,55.84,48.4,76.79,53.82,43.49,60.09,30
219,BSCS,84.91,90.94,93.41,92.22,83.75,92.03,30
220,BSCS,94.81,90.94,93.41,89.31,97.87,96.17,30
221,BSCS,72.78,77.12,29.96,24.91,53.29,63.6,30
222,BSCS,76.83,54.75,80.93,2.74,63.1,65.83,30
223,BSCS,82.02,77.12,76.79,79.96,43.49,81.43,30
224,BSCS,58.56,54.75,29.96,84.63,79.78,64.72,30
225,BSCS,66.01,87.4,72.66,24.91,33.69,66.95,30
226,BSCS,55.84,66.85,89.19,89.31,79.78,76.98,30
227,BSCS,74.8,92.88,85.06,63.45,72.9,82.81,30
228,BSCS,78.85,90.94,91.97,24.91,43.49,79.72,30
229,BSCS,44.05,71.99,66.81,70.61,79.78,64.72,30
230,BSCS,72.78,61.11,51.68,89.31,53.29,73.34,30
231,BSCS,78.85,61.11,76.79,84.63,87.72,82.81,30
233,BSCS,76.83,71.99,59.25,75.28,83.75,78.81,30
234,BSCS,52.9,61.11,91.97,44.18,72.9,68.07,30
236,BSCS,68.5,87.4,59.25,70.61,63.1,74.25,30
237,BSCS,74.8,35.7,72.66,34.54,26.06,61.37,30
238,BSCS,84.91,61.11,36.55,79.96,83.75,79.72,30
239,BSCS,92.71,82.26,66.81,75.28,72.9,88.22,30
241,BSCS,74.8,71.99,80.93,24.91,33.69,70.3,30
242,BSCS,99.42,94.82,99.92,98.97,98.34,99.82,30
243,BSCS,76.83,71.99,89.19,84.63,33.69,80.63,30
244,BSCS,92.71,94.82,96.28,92.22,98.81,96.9,30
245,BSCS,66.01,20.09,96.28,44.18,83.75,71.42,30
246,BSCS,61.05,48.4,85.06,89.31,53.29,72.43,30
247,BSCS,93.41,77.12,66.81,34.54,87.72,86.95,30
248,BSCS,70.75,77.12,80.93,63.45,53.29,75.16,30
249,BSCS,98.41,96.76,98.58,98.29,95.65,99.23,30
250,BSCS,66.01,66.85,76.79,92.22,63.1,76.98,30
251,BSCS,72.78,54.75,44.12,94.54,63.1,75.16,30
252,BSCS,74.8,82.26,76.79,84.63,63.1,81.43,30
253,BSCS,66.01,54.75,85.06,75.28,91.68,77.9,30
254,BSCS,76.83,71.99,80.93,84.63,72.9,82.12,30
257,BSCS,78.85,61.11,91.97,18.16,79.78,76.98,30
258,BSIT,70.75,66.85,80.93,53.82,53.29,72.43,36
260,BSIT,68.5,61.11,91.97,63.45,26.06,71.42,36
261,BSIT,87.6,77.12,93.41,95.71,83.75,92.9,36
263,BSIT,95.51,87.4,94.84,63.45,83.75,93.85,36
264,BSIT,88.66,87.4,93.41,84.63,79.78,91.56,36
265,BSIT,72.78,71.99,80.93,70.61,63.1,76.98,36
266,BSIT,89.71,77.12,72.66,34.54,63.1,82.12,36
267,BSIT,74.8,82.26,72.66,14.31,72.9,72.43,36
268,BSIT,74.8,77.12,80.93,79.96,33.69,77.9,36
269,BSIT,70.75,61.11,85.06,75.28,63.1,76.07,36
270,BSIT,61.05,42.05,51.68,70.61,63.1,61.37,36
271,BSIT,74.8,25.06,59.25,44.18,43.49,60.09,36
273,BSIT,68.5,48.4,59.25,53.82,72.9,65.83,36
274,BSIT,84.91,94.82,51.68,75.28,63.1,84.19,36
275,BSIT,87.6,94.82,98.58,75.28,91.68,94.16,36
277,BSIT,90.77,82.26,13.15,94.54,72.9,85.57,36
278,BSIT,72.78,42.05,76.79,63.45,72.9,71.42,36
279,BSIT,95.51,71.99,93.41,44.18,87.72,92.03,36
280,BSIT,90.77,82.26,36.55,63.45,79.78,83.5,36
281,BSIT,92.71,92.88,91.97,34.54,83.75,91.08,36
282,BSIT,76.83,66.85,29.96,34.54,83.75,69.19,36
283,BSIT,78.85,30.03,91.97,34.54,63.1,72.43,36
284,BSIT,76.83,35.7,51.68,93.38,53.29,73.34,36
286,BSIT,84.91,94.82,91.97,92.22,53.29,90.6,36
287,BSIT,63.53,42.05,89.19,70.61,53.29,69.19,36
288,BSIT,78.85,66.85,44.12,10.45,33.69,61.37,36
289,BSIT,88.66,61.11,76.79,18.16,79.78,79.72,36
290,BSIT,91.83,66.85,93.41,63.45,95.65,91.08,36
291,BSIT,84.91,71.99,66.81,92.22,98.34,89.17,36
292,BSIT,70.75,77.12,36.55,79.96,63.1,72.43,36
293,BSIT,52.9,61.11,72.66,75.28,83.75,69.19,36
294,BSIT,70.75,61.11,72.66,53.82,72.9,71.42,36
295,BSIT,82.02,71.99,66.81,24.91,79.78,76.07,36
296,BSIT,55.84,77.12,59.25,63.45,53.29,64.72,36
297,BSIT,78.85,77.12,80.93,84.63,43.49,81.43,36
299,BSIT,70.75,48.4,80.93,44.18,83.75,72.43,36
300,BSIT,82.02,94.82,91.97,94.54,95.65,93.53,36
301,BSIT,80.58,87.4,76.79,98.29,53.29,89.17,36
302,BSIT,94.11,98.7,85.06,63.45,87.72,93.85,36
303,BSIT,52.9,66.85,51.68,53.82,72.9,61.37,36
304,BSIT,82.02,71.99,66.81,75.28,83.75,82.12,36
305,BSIT,78.85,71.99,96.28,18.16,63.1,79.72,36
306,BSIT,84.91,61.11,18.75,53.82,43.49,68.07,36
307,BSIT,83.47,77.12,51.68,84.63,72.9,82.12,36
308,BSIT,74.8,82.26,72.66,84.63,72.9,81.43,36
309,BSIT,90.77,66.85,59.25,24.91,79.78,80.63,36
310,BSIT,76.83,66.85,80.93,53.82,79.78,77.9,36
312,BSIT,66.01,61.11,72.66,18.16,72.9,64.72,36
313,BSIT,89.71,94.82,76.79,95.71,87.72,93.85,36
314,BSIT,72.78,90.94,93.41,53.82,83.75,84.19,36
315,BSIT,66.01,54.75,51.68,44.18,91.68,68.07,36
316,BSIT,90.77,90.94,66.81,44.18,97.87,89.17,36
317,BSIT,76.83,87.4,89.19,44.18,72.9,81.43,36
318,BSIT,55.84,66.85,72.66,63.45,53.29,64.72,36
319,BSIT,84.91,61.11,85.06,89.31,43.49,83.5,36
320,BSIT,80.58,66.85,66.81,70.61,15.15,71.42,36
321,BSIT,55.84,82.26,18.75,70.61,72.9,62.48,36
322,BSIT,92.71,66.85,94.84,70.61,87.72,91.56,36
323,BSIT,76.83,66.85,76.79,79.96,53.29,77.9,36
324,BSIT,80.58,54.75,44.12,92.22,83.75,79.72,36
325,BSIT,94.11,87.4,94.84,63.45,83.75,93.22,36
326,BSIT,83.47,66.85,80.93,84.63,95.65,87.64,36
327,BSIT,82.02,96.76,93.41,79.96,91.68,92.03,36
328,BSIT,99.32,92.88,98.86,97.62,98.81,99.49,36
329,BSIT,63.53,61.11,66.81,63.45,63.1,66.95,36
330,BSIT,72.78,48.4,76.79,75.28,72.9,74.25,36
332,BSIT,70.75,92.88,80.93,84.63,87.72,85.57,36
333,BSIT,99.14,92.88,94.84,97.62,98.34,99.1,36
334,BSIT,72.78,35.7,72.66,63.45,87.72,72.43,36
335,BSIT,74.8,77.12,80.93,63.45,72.9,78.81,36
336,BSIT,87.6,54.75,59.25,89.31,79.78,83.5,36
337,BSIT,80.58,71.99,51.68,34.54,33.69,69.19,36
338,BSIT,94.81,92.88,72.66,95.71,53.29,93.53,36
339,BSIT,80.58,71.99,66.81,53.82,83.75,78.81,36
341,BSIT,84.91,71.99,44.12,93.38,79.78,84.19,36
342,BSIT,94.11,87.4,51.68,53.82,91.68,89.17,36
343,BSIT,93.41,77.12,51.68,93.38,79.78,90.13,36
354,BS F,70.75,92.88,51.68,34.54,53.29,71.42,21
355,BS F,41.05,71.99,85.06,44.18,43.49,60.09,21
356,BS F,70.75,61.11,85.06,24.91,53.29,69.19,21
363,BS F,55.84,90.94,72.66,34.54,43.49,65.83,21
364,BS F,66.01,48.4,51.68,53.82,79.78,64.72,21
366,BS F,72.78,82.26,66.81,18.16,53.29,69.19,21
372,BS F,63.53,35.7,51.68,44.18,79.78,60.09,21
377,BS HE,52.9,92.88,72.66,34.54,72.9,69.19,23
378,BS HE,61.05,42.05,36.55,89.31,72.9,64.72,23
379,BS HE,66.01,66.85,93.41,18.16,72.9,72.43,23
380,BS HE,70.75,92.88,51.68,84.63,83.75,81.43,23
381,BS HE,52.9,77.12,85.06,24.91,33.69,62.48,23
382,BS HE,66.01,54.75,36.55,44.18,63.1,60.09,23
383,BS HE,76.83,77.12,66.81,2.74,43.49,64.72,23
384,BS HE,68.5,61.11,66.81,53.82,63.1,68.07,23
385,BS HE,52.9,82.26,51.68,63.45,63.1,64.72,23
386,BS HE,70.75,66.85,36.55,34.54,63.1,63.6,23
387,BS HE,80.58,48.4,72.66,34.54,53.29,70.3,23
388,BS HE,61.05,61.11,59.25,53.82,72.9,64.72,23
389,BS HE,68.5,77.12,80.93,70.61,79.78,77.9,23
390,BS HE,58.56,77.12,59.25,53.82,43.49,63.6,23
391,BS HE,61.05,87.4,36.55,84.63,79.78,73.34,23
392,BS HE,66.01,66.85,59.25,53.82,53.29,65.83,23
393,BS HE,58.56,87.4,29.96,70.61,53.29,64.72,23
394,BS HE,63.53,77.12,72.66,75.28,43.49,71.42,23
395,BS HE,61.05,35.7,44.12,63.45,79.78,60.09,23
396,BS HE,68.5,61.11,51.68,70.61,33.69,64.72,23
397,BS HE,61.05,71.99,93.41,44.18,53.29,72.43,23
398,BS HE,84.91,66.85,59.25,75.28,63.1,79.72,23
399,BS HE,70.75,77.12,51.68,79.96,43.49,72.43,23
401,BS HE,37.99,92.88,72.66,63.45,83.75,69.19,23
402,BS HE,63.53,66.85,51.68,79.96,33.69,65.83,23
403,BS HE,72.78,71.99,76.79,75.28,53.29,76.07,23
404,BS HE,72.78,61.11,59.25,70.61,83.75,74.25,23
406,BS HE,63.53,77.12,44.12,70.61,43.49,65.83,23
407,BS HE,66.01,61.11,24.36,70.61,53.29,61.37,23
408,BS HE,63.53,48.4,44.12,75.28,53.29,62.48,23
412,BS ND,80.58,42.05,44.12,14.31,79.78,64.72,26
413,BS ND,82.02,77.12,36.55,70.61,9.69,69.19,26
414,BS ND,66.01,71.99,59.25,24.91,79.78,66.95,26
415,BS ND,72.78,82.26,59.25,89.31,72.9,79.72,26
416,BS ND,52.9,54.75,76.79,84.63,79.78,70.3,26
417,BS ND,99.85,20.09,51.68,24.91,87.72,90.6,26
418,BS ND,98.9,90.94,93.41,89.31,91.68,97.64,26
419,BS ND,76.83,54.75,72.66,44.18,79.78,73.34,26
420,BS ND,70.75,54.75,51.68,70.61,79.78,70.3,26
421,BS ND,66.01,77.12,72.66,79.96,53.29,74.25,26
422,BS ND,68.5,71.99,44.12,79.96,20.6,65.83,26
423,BS ND,63.53,92.88,59.25,0.73,83.75,65.83,26
424,BS ND,82.02,87.4,44.12,70.61,72.9,79.72,26
425,BS ND,52.9,61.11,66.81,84.63,79.78,69.19,26
427,BS ND,68.5,77.12,72.66,24.91,43.49,66.95,26
428,BS ND,49.95,87.4,66.81,70.61,53.29,66.95,26
429,BS ND,87.6,77.12,51.68,63.45,79.78,82.12,26
430,BS ND,76.83,66.85,44.12,53.82,63.1,70.3,26
431,BS ND,80.58,82.26,89.19,84.63,26.06,82.81,26
432,BS ND,55.84,66.85,59.25,70.61,72.9,65.83,26
433,BS ND,49.95,66.85,36.55,84.63,43.49,60.09,26
434,BS ND,86.35,90.94,85.06,92.22,79.78,90.6,26
435,BS ND,78.85,87.4,72.66,34.54,79.78,78.81,26
436,BS ND,63.53,87.4,66.81,63.45,63.1,72.43,26
438,BS ND,68.5,87.4,59.25,44.18,53.29,70.3,26
439,BS ND,88.66,61.11,59.25,75.28,53.29,80.63,26
440,BS ND,49.95,66.85,66.81,63.45,63.1,62.48,26
441,BS ND,76.83,71.99,18.75,79.96,33.69,68.07,26
442,BS ND,82.02,30.03,51.68,89.31,33.69,71.42,26
443,BS ND,90.77,66.85,72.66,14.31,83.75,81.43,26
444,BS ND,76.83,61.11,76.79,24.91,43.49,69.19,26
446,BS ND,61.05,61.11,51.68,63.45,53.29,62.48,26
447,BS ND,82.02,61.11,51.68,63.45,79.78,76.07,26
449,BSHM,83.47,90.94,44.12,63.45,87.72,82.81,34
450,BSHM,63.53,90.94,89.19,44.18,91.68,80.63,34
452,BSHM,80.58,96.76,36.55,44.18,79.78,79.72,34
453,BSHM,68.5,77.12,59.25,53.82,53.29,69.19,34
454,BSHM,80.58,90.94,85.06,79.96,79.78,86.95,34
455,BSHM,87.6,71.99,85.06,34.54,63.1,82.12,34
456,BSHM,83.47,77.12,29.96,53.82,53.29,73.34,34
457,BSHM,52.9,71.99,80.93,70.61,53.29,68.07,34
459,BSHM,80.58,82.26,80.93,70.61,63.1,82.12,34
460,BSHM,96.08,96.76,76.79,53.82,83.75,93.22,34
461,BSHM,74.8,71.99,72.66,24.91,63.1,71.42,34
462,BSHM,76.83,66.85,51.68,70.61,15.15,66.95,34
463,BSHM,70.75,92.88,29.96,34.54,33.69,65.83,34
464,BSHM,76.83,61.11,36.55,70.61,26.06,65.83,34
465,BSHM,94.81,90.94,98.58,79.96,91.68,96.17,34
466,BSHM,83.47,82.26,44.12,70.61,43.49,76.98,34
467,BSHM,37.99,61.11,94.84,44.18,63.1,63.6,34
468,BSHM,58.56,77.12,44.12,79.96,33.69,64.72,34
469,BSHM,80.58,61.11,29.96,34.54,79.78,69.19,34
470,BSHM,70.75,82.26,66.81,18.16,53.29,68.07,34
471,BSHM,68.5,54.75,76.79,34.54,53.29,65.83,34
474,BSHM,47.0,87.4,44.12,70.61,33.69,60.09,34
475,BSHM,76.83,82.26,59.25,84.63,63.1,79.72,34
476,BSHM,94.11,82.26,99.43,97.95,83.75,97.46,34
477,BSHM,70.75,82.26,24.36,89.31,9.69,65.83,34
480,BSHM,52.9,71.99,29.96,89.31,43.49,62.48,34
481,BSHM,97.39,77.12,93.41,89.31,91.68,96.17,34
482,BSHM,76.83,30.03,76.79,44.18,43.49,65.83,34
483,BSHM,86.35,30.03,36.55,6.59,72.9,62.48,34
485,BSHM,68.5,82.26,59.25,53.82,72.9,72.43,34
486,BSHM,97.39,92.88,91.97,75.28,98.34,96.72,34
489,BSHM,74.8,66.85,51.68,44.18,53.29,68.07,34
491,BSHM,72.78,42.05,66.81,89.31,26.06,69.19,34
494,AB ENG,68.5,61.11,36.55,70.61,63.1,65.83,0
495,AB ENG,70.75,87.4,66.81,24.91,63.1,71.42,0
496,AB ENG,74.8,90.94,76.79,53.82,97.87,84.19,0
497,AB ENG,61.05,54.75,97.72,75.28,53.29,76.07,0
498,AB ENG,72.78,77.12,51.68,24.91,79.78,70.3,0
499,AB ENG,61.05,77.12,51.68,84.63,83.75,74.25,0
500,AB ENG,68.5,90.94,44.12,63.45,87.72,76.07,0
501,AB ENG,82.02,94.82,59.25,84.63,53.29,84.19,0
502,AB ENG,78.85,87.4,51.68,79.96,72.9,80.63,0
503,AB ENG,68.5,82.26,66.81,53.82,72.9,73.34,0
504,AB ENG,72.78,87.4,59.25,63.45,72.9,76.07,0
505,AB ENG,68.5,87.4,51.68,34.54,79.78,71.42,0
506,AB ENG,34.94,87.4,80.93,44.18,83.75,65.83,0
507,AB ENG,58.56,54.75,29.96,79.96,79.78,63.6,0
508,AB ENG,63.53,54.75,59.25,24.91,72.9,61.37,0
509,AB ENG,76.83,77.12,51.68,24.91,63.1,70.3,0
510,AB ENG,70.75,94.82,66.81,44.18,43.49,74.25,0
511,AB ENG,63.53,82.26,85.06,18.16,87.72,74.25,0
512,AB ENG,93.41,71.99,51.68,34.54,72.9,82.81,0
513,AB ENG,84.91,87.4,51.68,53.82,53.29,78.81,0
514,AB ENG,70.75,71.99,66.81,18.16,43.49,64.72,0
515,AB ENG,88.66,61.11,72.66,70.61,63.1,82.12,0
516,AB ENG,90.77,66.85,36.55,70.61,43.49,78.81,0
517,AB ENG,74.8,71.99,36.55,18.16,43.49,62.48,0
519,AB ENG,55.84,71.99,51.68,79.96,15.15,60.09,0
520,AB ENG,99.42,94.82,91.97,84.63,87.72,97.92,0
521,AB ENG,58.56,71.99,36.55,89.31,9.69,60.09,0
522,AB ENG,78.85,77.12,80.93,34.54,33.69,74.25,0
523,AB ENG,74.8,66.85,80.93,18.16,43.49,69.19,0
524,AB ENG,58.56,82.26,85.06,63.45,63.1,73.34,0
525,AB ENG,82.02,82.26,72.66,79.96,87.72,85.57,0
526,AB ENG,83.47,82.26,59.25,63.45,79.78,81.43,0
527,AB ENG,80.58,77.12,36.55,2.74,79.78,66.95,0
528,AB ENG,58.56,48.4,80.93,44.18,63.1,63.6,0
531,AB ENG,83.47,94.82,59.25,2.74,72.9,76.07,0
532,AB ENG,70.75,42.05,59.25,53.82,33.69,61.37,0
533,AB ENG,83.47,92.88,76.79,75.28,53.29,84.88,0
534,AB ENG,82.02,61.11,51.68,44.18,63.1,72.43,0
535,AB ENG,90.77,87.4,85.06,53.82,87.72,89.65,0
536,AB ENG,52.9,42.05,80.93,53.82,83.75,64.72,0
537,AB ENG,58.56,54.75,66.81,63.45,53.29,62.48,0
538,AB ENG,66.01,61.11,44.12,75.28,43.49,64.72,0
539,AB ENG,55.84,77.12,66.81,24.91,53.29,61.37,0
540,AB ENG,89.71,54.75,76.79,10.45,72.9,76.98,0
541,AB ENG,82.02,30.03,72.66,14.31,72.9,66.95,0
542,AB ENG,70.75,77.12,29.96,84.63,91.68,76.98,0
543,AB ENG,88.66,94.82,72.66,34.54,72.9,85.57,0
544,AB ENG,93.41,87.4,91.97,24.91,83.75,90.13,0
545,AB ENG,63.53,61.11,76.79,79.96,72.9,73.34,0
546,AB ENG,63.53,61.11,66.81,34.54,72.9,64.72,0
547,AB ENG,80.58,82.26,59.25,53.82,72.9,77.9,0
548,AB ENG,95.51,82.26,96.28,14.31,95.65,92.9,0
549,AB ENG,76.83,96.76,66.81,44.18,53.29,78.81,0
551,AB ENG,86.35,48.4,89.19,70.61,72.9,82.81,0
552,AB ENG,97.39,61.11,76.79,75.28,79.78,91.56,0
554,AB ENG,76.83,90.94,44.12,53.82,53.29,74.25,0
555,AB ENG,88.66,98.7,91.97,79.96,63.1,92.03,0
556,AB ENG,78.85,71.99,29.96,75.28,43.49,71.42,0
557,AB ENG,63.53,71.99,24.36,44.18,79.78,62.48,0
558,AB ENG,74.8,82.26,76.79,18.16,79.78,75.16,0
559,AB ENG,55.84,30.03,76.79,24.91,87.72,60.09,0
560,AB ENG,84.91,48.4,66.81,63.45,33.69,73.34,0
561,AB FIL,70.75,87.4,89.19,18.16,53.29,74.25,1
562,AB FIL,76.83,61.11,24.36,53.82,63.1,65.83,1
563,AB FIL,78.85,66.85,66.81,63.45,63.1,75.16,1
564,AB FIL,68.5,82.26,66.81,34.54,43.49,68.07,1
565,AB FIL,83.47,90.94,80.93,89.31,91.68,90.13,1
566,AB FIL,68.5,54.75,72.66,24.91,53.29,63.6,1
567,AB FIL,63.53,61.11,59.25,44.18,63.1,63.6,1
568,AB FIL,68.5,48.4,18.75,63.45,72.9,60.09,1
570,AB FIL,68.5,66.85,91.97,75.28,79.78,79.72,1
571,AB FIL,87.6,48.4,72.66,24.91,53.29,74.25,1
572,AB FIL,70.75,71.99,59.25,18.16,79.78,68.07,1
573,AB FIL,52.9,66.85,72.66,63.45,26.06,60.09,1
575,AB FIL,58.56,87.4,51.68,34.54,53.29,63.6,1
576,AB FIL,63.53,87.4,59.25,75.28,79.78,75.16,1
577,AB FIL,80.58,61.11,18.75,44.18,79.78,68.07,1
578,AB FIL,47.0,87.4,80.93,79.96,63.1,72.43,1
579,AB FIL,76.83,71.99,72.66,10.45,33.69,65.83,1
580,AB FIL,70.75,87.4,66.81,70.61,63.1,76.07,1
581,AB FIL,70.75,48.4,85.06,53.82,72.9,72.43,1
582,AB FIL,66.01,71.99,36.55,92.22,26.06,68.07,1
583,AB FIL,68.5,54.75,85.06,34.54,72.9,70.3,1
584,AB FIL,86.35,66.85,91.97,53.82,72.9,84.19,1
585,AB FIL,80.58,77.12,72.66,53.82,72.9,78.81,1
586,AB FIL,47.0,82.26,59.25,18.16,83.75,61.37,1
587,AB FIL,52.9,42.05,80.93,53.82,53.29,60.09,1
589,AB FIL,63.53,90.94,76.79,63.45,83.75,77.9,1
590,AB FIL,66.01,92.88,85.06,24.91,72.9,76.07,1
591,AB FIL,61.05,90.94,24.36,63.45,63.1,65.83,1
592,AB FIL,68.5,61.11,76.79,63.45,33.69,68.07,1
593,AB FIL,68.5,71.99,36.55,84.63,79.78,73.34,1
594,AB FIL,74.8,48.4,36.55,44.18,43.49,61.37,1
595,AB FIL,47.0,54.75,89.19,79.96,53.29,66.95,1
596,AB FIL,76.83,66.85,76.79,70.61,53.29,76.07,1
597,AB FIL,74.8,77.12,44.12,24.91,63.1,68.07,1
598,AB FIL,84.91,90.94,76.79,34.54,63.1,82.12,1
600,AB FIL,66.01,61.11,66.81,63.45,63.1,68.07,1
602,AB FIL,61.05,66.85,85.06,53.82,53.29,69.19,1
603,AB FIL,63.53,90.94,66.81,70.61,72.9,75.16,1
604,AB FIL,68.5,66.85,36.55,53.82,72.9,65.83,1
606,AB JOURN,76.83,77.12,29.96,75.28,72.9,74.25,2
608,AB JOURN,44.05,42.05,66.81,92.22,53.29,61.37,2
609,AB JOURN,61.05,87.4,36.55,14.31,87.72,64.72,2
610,AB JOURN,76.83,15.12,72.66,53.82,43.49,62.48,2
611,AB JOURN,74.8,54.75,36.55,44.18,72.9,65.83,2
612,AB JOURN,66.01,48.4,76.79,79.96,9.69,63.6,2
613,AB JOURN,58.56,54.75,59.25,92.22,72.9,70.3,2
614,AB JOURN,83.47,92.88,72.66,63.45,97.87,88.22,2
615,AB JOURN,72.78,66.85,76.79,70.61,87.72,78.81,2
617,AB JOURN,72.78,54.75,44.12,53.82,43.49,63.6,2
618,AB JOURN,72.78,87.4,44.12,53.82,83.75,75.16,2
619,AB JOURN,88.66,82.26,59.25,44.18,72.9,82.12,2
620,AB JOURN,68.5,71.99,66.81,34.54,63.1,68.07,2
621,AB JOURN,76.83,61.11,51.68,34.54,53.29,66.95,2
622,AB JOURN,90.77,61.11,89.19,44.18,72.9,84.88,2
623,AB JOURN,72.78,35.7,80.93,53.82,33.69,65.83,2
624,AB JOURN,78.85,82.26,51.68,24.91,87.72,76.07,2
625,AB JOURN,55.84,30.03,72.66,84.63,43.49,61.37,2
626,AB JOURN,74.8,71.99,44.12,24.91,26.06,62.48,2
627,AB JOURN,47.0,71.99,80.93,63.45,87.72,70.3,2
628,AB JOURN,95.51,90.94,91.97,96.87,83.75,96.35,2
629,AB JOURN,41.05,48.4,80.93,70.61,63.1,60.09,2
630,AB JOURN,87.6,61.11,85.06,34.54,87.72,83.5,2
631,AB JOURN,70.75,61.11,51.68,34.54,33.69,61.37,2
632,AB JOURN,68.5,54.75,80.93,34.54,63.1,68.07,2
633,AB POLSCI,66.01,61.11,72.66,53.82,63.1,68.07,3
634,AB POLSCI,34.94,61.11,91.97,70.61,87.72,68.07,3
635,AB POLSCI,80.58,20.09,59.25,53.82,63.1,65.83,3
636,AB POLSCI,91.83,90.94,96.28,79.96,83.75,93.85,3
637,AB POLSCI,97.39,87.4,89.19,75.28,97.87,95.98,3
638,AB POLSCI,78.85,77.12,51.68,44.18,83.75,76.07,3
639,AB POLSCI,83.47,61.11,44.12,63.45,53.29,73.34,3
641,AB POLSCI,49.95,54.75,66.81,34.54,95.65,63.6,3
642,AB POLSCI,96.08,61.11,59.25,34.54,72.9,84.88,3
643,AB POLSCI,93.41,96.76,93.41,98.63,87.72,97.46,3
644,AB POLSCI,78.85,66.85,66.81,18.16,63.1,70.3,3
645,AB POLSCI,74.8,66.85,80.93,6.59,91.68,73.34,3
646,AB POLSCI,93.41,96.76,91.97,84.63,53.29,93.53,3
647,AB POLSCI,88.66,87.4,89.19,89.31,97.87,93.22,3
648,AB POLSCI,47.0,66.85,59.25,63.45,72.9,61.37,3
649,AB POLSCI,70.75,61.11,51.68,53.82,83.75,70.3,3
650,AB POLSCI,87.6,87.4,51.68,75.28,83.75,85.57,3
651,AB POLSCI,95.51,94.82,98.86,34.54,43.49,93.53,3
652,AB POLSCI,63.53,87.4,66.81,75.28,83.75,76.98,3
654,AB POLSCI,95.51,94.82,59.25,70.61,72.9,91.08,3
655,AB POLSCI,76.83,48.4,80.93,18.16,79.78,71.42,3
656,AB POLSCI,61.05,66.85,59.25,92.22,63.1,72.43,3
657,AB POLSCI,66.01,54.75,72.66,84.63,83.75,75.16,3
658,AB POLSCI,66.01,61.11,76.79,44.18,87.72,72.43,3
659,AB POLSCI,91.83,87.4,91.97,53.82,43.49,88.22,3
660,AB POLSCI,74.8,54.75,44.12,75.28,43.49,68.07,3
662,AB POLSCI,89.71,90.94,80.93,70.61,4.24,82.81,3
663,AB POLSCI,78.85,61.11,72.66,44.18,20.6,68.07,3
664,AB POLSCI,94.11,82.26,85.06,79.96,95.65,93.53,3
665,AB POLSCI,58.56,48.4,72.66,63.45,43.49,61.37,3
666,AB POLSCI,88.66,90.94,93.41,18.16,53.29,85.57,3
667,AB POLSCI,66.01,71.99,72.66,34.54,53.29,66.95,3
668,AB POLSCI,68.5,48.4,66.81,75.28,63.1,69.19,3
669,AB POLSCI,66.01,87.4,89.19,79.96,79.78,82.12,3
670,AB POLSCI,74.8,71.99,89.19,79.96,72.9,82.12,3
671,AB POLSCI,86.35,82.26,94.84,84.63,53.29,89.17,3
672,AB POLSCI,58.56,54.75,91.97,70.61,33.69,68.07,3
673,AB POLSCI,87.6,54.75,80.93,75.28,72.9,83.5,3
674,AB POLSCI,88.66,54.75,29.96,24.91,53.29,70.3,3
675,AB POLSCI,72.78,42.05,76.79,53.82,9.69,61.37,3
676,AB POLSCI,93.41,77.12,91.97,92.22,87.72,93.85,3
677,AB POLSCI,88.66,82.26,72.66,70.61,53.29,84.19,3
678,AB POLSCI,63.53,87.4,66.81,18.16,72.9,68.07,3
679,AB POLSCI,87.6,87.4,51.68,75.28,95.65,87.64,3
680,AB POLSCI,80.58,90.94,76.79,24.91,79.78,80.63,3
681,AB POLSCI,72.78,87.4,80.93,63.45,83.75,81.43,3
682,AB POLSCI,97.83,71.99,91.97,34.54,79.78,92.51,3
683,AB POLSCI,41.05,66.85,72.66,79.96,43.49,61.37,3
685,AB POLSCI,88.66,87.4,85.06,34.54,83.75,86.95,3
687,AB POLSCI,68.5,61.11,76.79,14.31,43.49,62.48,3
688,AB POLSCI,68.5,77.12,24.36,24.91,63.1,61.37,3
689,AB POLSCI,52.9,66.85,59.25,53.82,83.75,64.72,3
690,AB POLSCI,74.8,87.4,85.06,79.96,33.69,80.63,3
691,AB POLSCI,68.5,48.4,76.79,34.54,63.1,65.83,3
692,AB POLSCI,52.9,82.26,80.93,14.31,53.29,62.48,3
693,AB POLSCI,78.85,30.03,59.25,75.28,79.78,72.43,3
694,AB POLSCI,83.47,82.26,91.97,75.28,95.65,89.65,3
695,AB POLSCI,76.83,82.26,13.15,53.82,79.78,70.3,3
696,AB POLSCI,82.02,87.4,76.79,94.54,63.1,87.64,3
697,AB POLSCI,87.6,90.94,29.96,63.45,72.9,81.43,3
698,AB POLSCI,49.95,71.99,72.66,79.96,33.69,64.72,3
700,AB POLSCI,82.02,90.94,66.81,63.45,79.78,82.81,3
701,AB POLSCI,97.83,92.88,91.97,24.91,63.1,93.22,3
702,AB POLSCI,72.78,92.88,94.84,63.45,72.9,84.88,3
703,AB POLSCI,86.35,90.94,72.66,70.61,95.65,88.7,3
704,AB POLSCI,82.02,71.99,93.41,63.45,79.78,84.88,3
705,AB POLSCI,76.83,66.85,93.41,75.28,79.78,83.5,3
706,AB POLSCI,61.05,61.11,80.93,70.61,33.69,66.95,3
707,AB POLSCI,58.56,61.11,36.55,70.61,53.29,60.09,3
708,AB POLSCI,63.53,71.99,80.93,63.45,79.78,74.25,3
709,AB POLSCI,89.71,42.05,91.97,92.22,63.1,87.64,3
710,AB POLSCI,99.64,99.7,94.84,89.31,97.87,99.17,3
711,AB POLSCI,92.71,90.94,76.79,63.45,53.29,88.22,3
712,AB POLSCI,91.83,77.12,36.55,18.16,20.6,73.34,3
713,AB POLSCI,82.02,77.12,85.06,24.91,33.69,76.07,3
714,AB POLSCI,92.71,77.12,94.84,92.22,87.72,94.16,3
715,AB POLSCI,83.47,94.82,89.19,63.45,43.49,85.57,3
716,AB POLSCI,87.6,96.76,72.66,6.59,33.69,78.81,3
717,AB POLSCI,98.9,96.76,80.93,98.29,99.28,99.1,3
718,AB POLSCI,80.58,90.94,94.84,84.63,83.75,90.13,3
719,AB POLSCI,83.47,82.26,72.66,70.61,72.9,82.81,3
720,AB POLSCI,68.5,48.4,91.97,24.91,53.29,68.07,3
721,AB POLSCI,55.84,48.4,66.81,63.45,63.1,61.37,3
722,AB POLSCI,87.6,54.75,36.55,44.18,33.69,70.3,3
723,AB POLSCI,76.83,66.85,51.68,79.96,63.1,75.16,3
724,AB POLSCI,97.83,90.94,89.19,84.63,87.72,96.17,3
726,AB POLSCI,58.56,61.11,44.12,44.18,79.78,61.37,3
727,AB POLSCI,98.9,96.76,76.79,89.31,79.78,96.72,3
728,AB POLSCI,90.77,54.75,66.81,84.63,79.78,85.57,3
729,AB POLSCI,78.85,48.4,44.12,75.28,43.49,69.19,3
730,AB POLSCI,99.89,99.77,93.41,93.38,98.34,99.62,3
731,AB POLSCI,76.83,87.4,72.66,18.16,87.72,77.9,3
732,AB POLSCI,94.11,77.12,91.97,70.61,95.65,93.22,3
734,AB POLSCI,84.91,82.26,72.66,53.82,83.75,83.5,3
736,ABMC-BROAD,84.91,71.99,72.66,70.61,53.29,80.63,4
737,ABMC-BROAD,63.53,82.26,51.68,70.61,53.29,69.19,4
738,ABMC-BROAD,61.05,77.12,44.12,63.45,53.29,64.72,4
739,ABMC-BROAD,86.35,66.85,44.12,63.45,87.72,80.63,4
740,ABMC-BROAD,72.78,54.75,66.81,75.28,79.78,74.25,4
741,ABMC-BROAD,70.75,77.12,59.25,53.82,63.1,71.42,4
742,ABMC-BROAD,78.85,77.12,29.96,63.45,43.49,70.3,4
743,ABMC-BROAD,41.05,77.12,66.81,53.82,63.1,60.09,4
744,ABMC-BROAD,88.66,90.94,76.79,89.31,87.72,91.08,4
745,ABMC-BROAD,70.75,71.99,44.12,70.61,43.49,68.07,4
746,ABMC-BROAD,61.05,90.94,80.93,44.18,9.69,65.83,4
747,ABMC-BROAD,82.02,87.4,76.79,24.91,91.68,82.81,4
748,ABMC-BROAD,55.84,48.4,72.66,75.28,63.1,64.72,4
749,ABMC-BROAD,80.58,48.4,72.66,89.31,53.29,77.9,4
751,ABMC-BROAD,87.6,87.4,89.19,34.54,72.9,85.57,4
752,ABMC-BROAD,82.02,61.11,66.81,70.61,53.29,76.07,4
753,ABMC-BROAD,55.84,48.4,51.68,70.61,63.1,60.09,4
754,ABMC-BROAD,68.5,90.94,59.25,75.28,33.69,73.34,4
755,ABMC-BROAD,83.47,66.85,59.25,70.61,9.69,71.42,4
756,ABMC-BROAD,92.71,87.4,18.75,63.45,43.49,80.63,4
757,ABMC-BROAD,83.47,66.85,66.81,53.82,83.75,79.72,4
758,ABMC-BROAD,70.75,71.99,44.12,44.18,63.1,66.95,4
759,ABMC-BROAD,94.11,94.82,93.41,44.18,53.29,91.56,4
760,ABMC-BROAD,47.0,61.11,93.41,53.82,83.75,70.3,4
761,ABMC-BROAD,83.47,87.4,76.79,63.45,43.49,81.43,4
762,ABMC-BROAD,86.35,48.4,51.68,79.96,72.9,78.81,4
763,ABMC-BROAD,68.5,54.75,29.96,44.18,72.9,61.37,4
764,ABMC-BROAD,78.85,87.4,36.55,92.22,53.29,79.72,4
765,ABMC-BROAD,70.75,82.26,36.55,53.82,20.6,63.6,4
766,ABMC-BROAD,61.05,54.75,51.68,70.61,53.29,62.48,4
767,ABMC-BROAD,52.9,54.75,89.19,44.18,63.1,64.72,4
768,ABMC-BROAD,63.53,48.4,91.97,34.54,53.29,66.95,4
769,ABMC-JOURN,74.8,42.05,72.66,70.61,33.69,68.07,5
770,ABMC-JOURN,44.05,77.12,76.79,63.45,53.29,63.6,5
771,ABMC-JOURN,94.81,90.94,72.66,92.22,72.9,92.9,5
772,ABMC-JOURN,84.91,66.85,59.25,70.61,83.75,81.43,5
773,ABMC-JOURN,61.05,94.82,80.93,24.91,20.6,68.07,5
774,ABMC-JOURN,58.56,61.11,66.81,89.31,72.9,71.42,5
775,ABMC-JOURN,76.83,87.4,85.06,44.18,72.9,80.63,5
777,ABMC-JOURN,72.78,61.11,80.93,63.45,83.75,76.98,5
778,ABMC-JOURN,66.01,66.85,59.25,79.96,91.68,76.07,5
779,ABMC-JOURN,84.91,87.4,36.55,70.61,63.1,79.72,5
780,ABMC-JOURN,74.8,77.12,44.12,53.82,79.78,73.34,5
782,ABMC-JOURN,55.84,66.85,72.66,53.82,43.49,62.48,5
783,ABMC-JOURN,78.85,71.99,93.41,79.96,83.75,86.26,5
789,BAHISTORY,58.56,87.4,24.36,70.61,33.69,61.37,6
790,BAHISTORY,58.56,82.26,66.81,75.28,53.29,70.3,6
791,BAHISTORY,47.0,77.12,85.06,44.18,33.69,62.48,6
792,BAHISTORY,47.0,87.4,59.25,63.45,72.9,65.83,6
793,BAHISTORY,63.53,87.4,80.93,18.16,79.78,72.43,6
798,BAHISTORY,49.95,66.85,59.25,79.96,72.9,65.83,6
799,BAHISTORY,66.01,48.4,80.93,53.82,20.6,62.48,6
801,BAHISTORY,52.9,82.26,80.93,53.82,53.29,68.07,6
802,BAHISTORY,86.35,82.26,96.28,94.54,99.28,95.42,6
803,BAHISTORY,72.78,71.99,44.12,34.54,33.69,63.6,6
804,BAHISTORY,61.05,77.12,72.66,84.63,33.69,71.42,6
805,BAHISTORY,94.11,77.12,66.81,34.54,79.78,86.26,6
807,BAHISTORY,63.53,71.99,59.25,53.82,26.06,62.48,6
808,BAHISTORY,68.5,48.4,36.55,44.18,63.1,60.09,6
809,BAHISTORY,70.75,77.12,89.19,63.45,63.1,77.9,6
810,BAHISTORY,94.11,82.26,76.79,44.18,72.9,88.22,6
811,BAHISTORY,68.5,90.94,66.81,34.54,72.9,73.34,6
812,BAHISTORY,68.5,66.85,59.25,89.31,9.69,66.95,6
813,BAHISTORY,66.01,30.03,66.81,92.22,79.78,71.42,6
814,BAHISTORY,78.85,82.26,66.81,53.82,53.29,76.07,6
815,BAHISTORY,70.75,66.85,44.12,24.91,53.29,62.48,6
816,BAHISTORY,70.75,61.11,66.81,24.91,72.9,66.95,6
819,BAHISTORY,58.56,90.94,80.93,63.45,63.1,74.25,6
821,BAHISTORY,49.95,48.4,51.68,92.22,53.29,62.48,6
822,BAHISTORY,63.53,61.11,36.55,10.45,95.65,61.37,6
823,BAHISTORY,70.75,54.75,44.12,53.82,72.9,65.83,6
826,BAHISTORY,58.56,66.85,51.68,24.91,72.9,60.09,6
827,BAHISTORY,88.66,71.99,66.81,34.54,63.1,79.72,6
829,BAHISTORY,63.53,35.7,51.68,34.54,83.75,60.09,6
830,BAHISTORY,63.53,48.4,44.12,53.82,72.9,61.37,6
831,BAHISTORY,52.9,71.99,85.06,63.45,63.1,69.19,6
832,BAHISTORY,61.05,71.99,72.66,34.54,43.49,63.6,6
833,BAHISTORY,72.78,82.26,80.93,53.82,72.9,77.9,6
834,BAHISTORY,55.84,66.85,51.68,53.82,83.75,64.72,6
836,BAHISTORY,55.84,82.26,36.55,24.91,72.9,60.09,6
837,BAHISTORY,74.8,61.11,91.97,75.28,63.1,79.72,6
838,BAHISTORY,66.01,42.05,59.25,70.61,26.06,60.09,6
839,BAHISTORY,70.75,66.85,44.12,18.16,72.9,63.6,6
841,BAHISTORY,68.5,61.11,51.68,63.45,72.9,68.07,6
842,BAHISTORY,49.95,42.05,85.06,53.82,53.29,60.09,6
843,BAHISTORY,74.8,82.26,80.93,34.54,63.1,76.07,6
845,BAHISTORY,74.8,71.99,59.25,44.18,43.49,69.19,6
846,BAHISTORY,66.01,35.7,59.25,70.61,87.72,68.07,6
847,BAHISTORY,55.84,82.26,59.25,10.45,72.9,60.09,6
848,BAHISTORY,61.05,82.26,66.81,79.96,63.1,73.34,6
849,BAHISTORY,84.91,82.26,66.81,75.28,63.1,82.81,6
851,BAHISTORY,82.02,48.4,51.68,70.61,91.68,77.9,6
852,BAHISTORY,63.53,77.12,72.66,44.18,33.69,65.83,6
853,BAHISTORY,74.8,35.7,76.79,75.28,83.75,75.16,6
854,BAHISTORY,70.75,77.12,80.93,75.28,83.75,80.63,6
856,BAHISTORY,66.01,42.05,36.55,53.82,83.75,62.48,6
857,BAHISTORY,61.05,71.99,85.06,18.16,79.78,69.19,6
858,BAHISTORY,83.47,20.09,51.68,18.16,63.1,62.48,6
859,BAHISTORY,83.47,82.26,24.36,53.82,43.49,72.43,6
860,BS ACCTNG,84.91,94.82,76.79,63.45,83.75,87.64,11
861,BS ACCTNG,96.52,92.88,76.79,79.96,87.72,94.48,11
862,BS ACCTNG,83.47,71.99,93.41,95.71,95.65,92.51,11
863,BS ACCTNG,94.81,92.88,93.41,44.18,98.81,95.1,11
864,BS ACCTNG,96.95,98.7,94.84,99.61,95.65,99.23,11
865,BS ACCTNG,92.71,77.12,80.93,89.31,63.1,90.13,11
866,BS ACCTNG,86.35,90.94,85.06,63.45,83.75,88.22,11
867,BS ACCTNG,95.51,48.4,89.19,96.87,63.1,92.9,11
868,BS ACCTNG,80.58,96.76,51.68,95.71,87.72,89.65,11
869,BS ACCTNG,99.82,96.76,91.97,79.96,97.87,98.81,11
870,BS ACCTNG,82.02,66.85,72.66,96.87,53.29,84.88,11
871,BS ACCTNG,88.66,87.4,93.41,93.38,87.72,93.53,11
873,BS ACCTNG,91.83,94.82,85.06,98.29,91.68,96.35,11
874,BS ACCTNG,86.35,87.4,93.41,75.28,63.1,88.7,11
875,BS ACCTNG,90.77,92.88,85.06,97.62,91.68,95.42,11
876,BS ACCTNG,99.42,96.76,99.14,79.96,87.72,98.81,11
877,BS ACCTNG,93.41,92.88,94.84,84.63,26.06,92.51,11
878,BS ACCTNG,72.78,92.88,72.66,75.28,79.78,82.12,11
879,BS ACCTNG,84.91,61.11,76.79,92.22,98.34,89.17,11
880,BS ACCTNG,70.75,87.4,85.06,79.96,79.78,82.81,11
881,BS ACCTNG,86.35,77.12,94.84,75.28,87.72,90.13,11
882,BS ACCTNG,88.66,82.26,66.81,93.38,79.78,89.17,11
883,BS ACCTNG,90.77,77.12,89.19,70.61,97.87,91.56,11
885,BS ACCTNG,94.81,66.85,98.58,70.61,91.68,94.16,11
886,BS ACCTNG,94.11,96.76,98.86,75.28,83.75,96.17,11
887,BS ACCTNG,89.71,77.12,85.06,84.63,79.78,89.65,11
888,BS ACCTNG,93.41,96.76,72.66,89.31,79.78,93.22,11
889,BS ACCTNG,86.35,90.94,91.97,93.38,43.49,90.13,11
890,BS ACCTNG,84.91,94.82,80.93,75.28,72.9,88.22,11
891,BS ACCTNG,88.66,77.12,91.97,94.54,53.29,90.6,11
892,BS ACCTNG,83.47,90.94,80.93,92.22,72.9,88.7,11
893,BS ACCTNG,92.71,54.75,59.25,63.45,63.1,82.12,11
894,BS ACCTNG,83.47,92.88,85.06,44.18,83.75,86.26,11
895,BS ACCTNG,86.35,92.88,89.19,70.61,79.78,89.17,11
896,BS ACCTNG,84.91,66.85,93.41,70.61,79.78,86.26,11
897,BSN,92.71,87.4,72.66,89.31,83.75,91.56,37
898,BSN,91.83,94.82,66.81,94.54,72.9,92.51,37
899,BSN,89.71,82.26,94.84,98.29,97.87,96.35,37
900,BSN,87.6,90.94,89.19,97.62,63.1,92.9,37
901,BSN,98.65,94.82,98.58,97.62,97.87,99.17,37
902,BSN,96.52,87.4,91.97,70.61,63.1,93.22,37
903,BSN,95.51,66.85,99.14,94.54,91.68,96.72,37
904,BSN,90.77,71.99,93.41,70.61,43.49,87.64,37
905,BSN,82.02,82.26,36.55,79.96,95.65,83.5,37
906,BSN,92.71,90.94,80.93,53.82,83.75,90.13,37
907,BSN,82.02,54.75,66.81,75.28,83.75,79.72,37
908,BSN,98.41,94.82,96.28,95.71,83.75,98.18,37
909,BSN,93.41,82.26,72.66,63.45,83.75,89.17,37
910,BSN,80.58,66.85,66.81,79.96,79.78,80.63,37
911,BSN,74.8,90.94,36.55,79.96,97.87,82.81,37
913,BSN,72.78,66.85,44.12,70.61,43.49,68.07,37
914,BSN,78.85,87.4,44.12,6.59,26.06,63.6,37
915,BSN,97.39,98.7,85.06,84.63,79.78,96.17,37
916,BSN,72.78,87.4,18.75,70.61,53.29,69.19,37
917,BSN,96.52,90.94,89.19,84.63,72.9,94.48,37
918,BSN,90.77,94.82,96.28,95.71,83.75,95.98,37
919,BSN,98.41,82.26,94.84,34.54,83.75,94.79,37
920,BSN,96.95,87.4,72.66,79.96,72.9,92.9,37
921,BSN,80.58,54.75,36.55,10.45,43.49,60.09,37
922,BSN,91.83,90.94,96.28,93.38,87.72,95.42,37
923,BSN,86.35,92.88,76.79,70.61,63.1,86.26,37
924,BSN,92.71,77.12,72.66,44.18,72.9,85.57,37
925,BSN,94.11,94.82,51.68,79.96,79.78,91.08,37
926,BSN,52.9,61.11,51.68,84.63,72.9,65.83,37
927,BSN,70.75,54.75,66.81,75.28,43.49,69.19,37
928,BSN,96.95,90.94,97.72,53.82,83.75,95.42,37
929,BSN,98.65,82.26,98.58,97.95,98.81,99.1,37
930,BSN,93.41,99.7,72.66,53.82,79.78,91.56,37
931,BSN,78.85,92.88,96.28,75.28,97.87,91.56,37
932,BSN,99.32,98.7,97.72,79.96,87.72,98.43,37
933,BSN,95.51,82.26,89.19,79.96,91.68,94.16,37
934,BSN,97.39,87.4,89.19,79.96,87.72,95.42,37
935,BSN,82.02,71.99,66.81,89.31,79.78,83.5,37
936,BSN,84.91,66.85,72.66,24.91,91.68,80.63,37
937,BSN,94.11,92.88,72.66,89.31,83.75,93.22,37
938,BSN,94.11,96.76,59.25,53.82,87.72,91.08,37
939,BSN,98.41,92.88,76.79,84.63,91.68,96.35,37
940,BSN,82.02,90.94,44.12,84.63,83.75,84.19,37
941,BSN,90.77,71.99,96.28,79.96,72.9,91.08,37
942,BSN,97.39,90.94,98.86,94.54,98.34,98.43,37
943,BSN,76.83,54.75,72.66,84.63,63.1,76.98,37
944,BSN,89.71,35.7,96.28,93.38,53.29,88.7,37
945,BSN,94.81,54.75,93.41,79.96,79.78,91.56,37
946,BSN,82.02,71.99,80.93,93.38,91.68,88.7,37
947,BSN,91.83,82.26,85.06,79.96,98.81,93.53,37
948,BSN,84.91,82.26,51.68,70.61,63.1,80.63,37
949,BSN,83.47,90.94,80.93,53.82,79.78,84.88,37
950,BSN,99.14,98.7,36.55,75.28,53.29,94.16,37
951,BSN,94.11,94.82,94.84,84.63,72.9,94.79,37
952,BSN,96.52,92.88,80.93,44.18,91.68,93.53,37
953,BSN,94.11,87.4,91.97,24.91,79.78,90.13,37
954,BSN,96.52,92.88,76.79,63.45,72.9,92.51,37
955,BSN,93.41,54.75,99.43,84.63,83.75,94.16,37
958,BSN,96.95,96.76,76.79,97.62,79.78,96.72,37
959,BSN,95.51,82.26,96.28,98.63,97.87,97.92,37
960,BSN,84.91,71.99,36.55,84.63,98.34,85.57,37
961,BSN,88.66,90.94,91.97,94.54,79.78,93.22,37
962,BSN,97.39,92.88,91.97,97.62,72.9,97.09,37
963,BSN,88.66,90.94,76.79,79.96,72.9,88.7,37
964,BSN,92.71,71.99,80.93,75.28,91.68,90.6,37
965,BSN,93.41,71.99,99.14,75.28,79.78,93.85,37
966,BSN,97.39,77.12,80.93,63.45,87.72,93.22,37
968,BSN,97.83,87.4,91.97,97.95,98.34,98.18,37
969,BSN,96.95,92.88,99.87,98.63,91.68,99.17,37
971,BSN,97.39,87.4,76.79,18.16,72.9,90.13,37
972,BSN,80.58,87.4,89.19,79.96,63.1,85.57,37
974,BSN,96.95,96.76,72.66,70.61,79.78,93.85,37
976,BSN,72.78,35.7,51.68,75.28,63.1,66.95,37
977,BSN,82.02,92.88,59.25,44.18,33.69,76.98,37
979,BSN,96.95,90.94,98.86,97.62,97.87,98.56,37
980,BSN,97.39,92.88,99.14,96.87,87.72,98.43,37
981,BSN,91.83,94.82,72.66,34.54,53.29,86.26,37
983,BSN,70.75,87.4,59.25,75.28,72.9,76.98,37
984,BSN,90.77,87.4,85.06,44.18,63.1,86.95,37
985,BSN,93.41,98.7,66.81,84.63,53.29,91.56,37
986,BSN,98.41,96.76,44.12,63.45,95.65,94.79,37
988,BSN,97.39,54.75,72.66,70.61,63.1,89.17,37
989,BSN,97.39,82.26,91.97,63.45,91.68,94.79,37
990,BSN,82.02,90.94,72.66,53.82,83.75,83.5,37
991,BSN,66.01,87.4,80.93,84.63,79.78,81.43,37
992,BSN,78.85,87.4,44.12,34.54,43.49,71.42,37
993,BSN,80.58,71.99,85.06,89.31,83.75,86.26,37
994,BSN,98.41,96.76,89.19,18.16,72.9,94.16,37
995,BSN,94.81,94.82,85.06,92.22,95.65,95.98,37
996,BSN,88.66,90.94,76.79,96.87,87.72,93.22,37
997,BSN,82.02,92.88,91.97,75.28,87.72,89.65,37
998,BSN,88.66,71.99,76.79,75.28,72.9,85.57,37
999,BSN,83.47,94.82,98.86,24.91,87.72,90.6,37
1000,BSN,91.83,71.99,72.66,70.61,95.65,89.17,37
1001,BSN,99.42,94.82,99.89,99.2,91.68,99.76,37
1002,BSN,58.56,61.11,85.06,98.97,79.78,84.19,37
1003,BSN,92.71,87.4,89.19,89.31,97.87,94.48,37
1004,BSN,96.95,71.99,85.06,63.45,83.75,92.51,37
1005,BSN,83.47,77.12,66.81,93.38,63.1,84.88,37
1006,BSN,83.47,77.12,80.93,75.28,83.75,85.57,37
1007,BSN,84.91,42.05,59.25,63.45,43.49,72.43,37
1008,BSN,90.77,92.88,94.84,97.95,91.68,96.54,37
1009,BSN,70.75,71.99,44.12,53.82,63.1,68.07,37
1010,BSN,84.91,82.26,85.06,89.31,87.72,89.65,37
1011,BSN,91.83,90.94,89.19,84.63,95.65,93.85,37
1012,BSN,98.41,92.88,91.97,93.38,95.65,97.8,37
1013,BSN,93.41,71.99,76.79,63.45,97.87,90.6,37
1014,BSN,88.66,90.94,91.97,63.45,79.78,89.65,37
1015,BSN,76.83,77.12,51.68,34.54,33.69,68.07,37
1016,BSN,88.66,87.4,89.19,10.45,53.29,82.12,37
1017,BSN,93.41,96.76,97.72,93.38,98.34,97.46,37
1018,BSN,94.81,90.94,72.66,53.82,72.9,89.65,37
1019,BSN,78.85,71.99,76.79,75.28,83.75,82.12,37
1020,BSN,98.17,96.76,91.97,99.2,79.78,98.56,37
1021,BSN,84.91,94.82,94.84,84.63,83.75,92.51,37
1022,BSN,92.71,71.99,80.93,93.38,87.72,92.51,37
1023,BSN,91.83,71.99,96.28,89.31,83.75,93.22,37
1024,BSN,99.14,96.76,93.41,84.63,87.72,97.92,37
1025,BSN,86.35,92.88,76.79,93.38,91.68,92.03,37
1026,BSN,98.17,98.7,98.86,75.28,95.65,98.18,37
1027,BSN,93.41,87.4,99.43,84.63,95.65,96.54,37
1028,BSN,76.83,71.99,76.79,79.96,79.78,81.43,37
1029,BSN,98.41,99.77,94.84,79.96,97.87,98.31,37
1030,BSN,83.47,61.11,91.97,79.96,83.75,86.26,37
1031,BSN,78.85,87.4,66.81,24.91,72.9,76.07,37
1032,BSN,96.95,92.88,89.19,92.22,87.72,96.35,37
1033,BSN,86.35,66.85,93.41,70.61,43.49,84.19,37
1034,BSN,74.8,77.12,93.41,70.61,91.68,85.57,37
1035,BSN,94.11,66.85,72.66,75.28,91.68,90.13,37
1036,BSN,87.6,92.88,80.93,94.54,87.72,92.9,37
1037,BSN,72.78,54.75,93.41,75.28,87.72,82.12,37
1038,BSN,98.17,92.88,80.93,94.54,87.72,96.9,37
1039,BSN,96.52,71.99,66.81,34.54,63.1,86.95,37
1040,BSN,96.52,77.12,89.19,98.63,79.78,96.54,37
1041,BSN,92.71,90.94,72.66,96.87,87.72,94.16,37
1042,BSN,63.53,92.88,91.97,79.96,79.78,83.5,37
1043,BSN,74.8,48.4,51.68,53.82,91.68,72.43,37
1044,BSN,80.58,82.26,66.81,44.18,95.65,82.12,37
1045,BSN,63.53,82.26,85.06,75.28,79.78,78.81,37
1046,BSN,88.66,94.82,93.41,98.29,95.65,96.54,37
1047,BSN,90.77,92.88,93.41,75.28,87.72,93.22,37
1048,BSN,87.6,92.88,80.93,84.63,83.75,90.6,37
1049,BSN,94.11,87.4,98.86,94.54,87.72,96.72,37
1050,BSN,87.6,92.88,59.25,53.82,95.65,87.64,37
1051,BSN,83.47,92.88,72.66,94.54,72.9,89.17,37
1052,BSN,47.0,71.99,66.81,53.82,72.9,62.48,37
1053,BSN,86.35,94.82,89.19,63.45,53.29,87.64,37
1054,BSN,92.71,90.94,85.06,75.28,99.75,94.79,37
1055,BSN,92.71,87.4,94.84,89.31,95.65,95.1,37
1056,BSN,99.14,98.7,97.72,96.87,97.87,99.3,37
1057,BSN,87.6,92.88,66.81,75.28,91.68,89.17,37
1058,BSN,90.77,98.7,72.66,79.96,91.68,92.9,37
1059,BSN,99.89,98.7,99.71,93.38,87.72,99.68,37
1060,BSN,92.71,94.82,80.93,97.62,91.68,95.98,37
1061,BSN,52.9,48.4,80.93,75.28,79.78,68.07,37
1062,BSN,98.9,99.7,80.93,98.29,98.34,99.1,37
1063,BSN,95.51,94.82,96.28,95.71,91.68,97.46,37
1064,BSN,96.08,94.82,94.84,53.82,83.75,94.79,37
1065,BSN,99.74,99.7,98.86,99.2,99.28,99.86,37
1066,BSN,72.78,48.4,72.66,75.28,43.49,70.3,37
1067,BSN,96.52,94.82,94.84,70.61,95.65,96.35,37
1068,BSN,91.83,71.99,66.81,93.38,87.72,90.6,37
1069,BSN,98.41,96.76,99.14,98.63,98.81,99.62,37
1070,BSN,82.02,71.99,91.97,93.38,83.75,89.17,37
1071,BSN,92.71,71.99,59.25,70.61,91.68,88.22,37
1072,BSN,80.58,90.94,94.84,92.22,95.65,92.51,37
1073,BSN,96.08,92.88,98.86,75.28,83.75,96.35,37
1074,BSN,89.71,61.11,66.81,89.31,87.72,87.64,37
1075,BSN,89.71,92.88,89.19,94.54,83.75,93.85,37
1076,BSN,94.81,71.99,91.97,70.61,91.68,92.9,37
1078,BSN,80.58,94.82,85.06,97.62,79.78,92.03,37
1080,BSN,98.17,94.82,97.72,93.38,97.87,98.43,37
1081,BSN,96.52,82.26,93.41,70.61,97.87,95.42,37
1082,BSN,94.81,82.26,85.06,89.31,87.72,93.85,37
1083,BSN,92.71,94.82,99.43,97.62,87.72,97.8,37
1084,BSN,91.83,66.85,91.97,84.63,43.49,88.7,37
1085,BSN,96.52,96.76,94.84,93.38,99.28,98.18,37
1086,BSN,72.78,87.4,76.79,24.91,43.49,72.43,37
1087,BSN,97.83,98.7,96.28,75.28,99.75,98.31,37
1088,BSN,78.85,92.88,59.25,93.38,87.72,87.64,37
1089,BSN,86.35,66.85,72.66,44.18,26.06,75.16,37
1090,BSN,96.08,92.88,93.41,92.22,87.72,96.35,37
1091,BSN,96.08,94.82,89.19,84.63,91.68,95.98,37
1092,BSN,94.11,96.76,89.19,92.22,72.9,94.79,37
1093,BSN,99.14,94.82,72.66,75.28,79.78,95.98,37
1094,BSN,98.17,96.76,97.72,79.96,87.72,97.64,37
1095,BSN,90.77,82.26,76.79,53.82,83.75,87.64,37
1096,BSN,87.6,71.99,91.97,92.22,63.1,89.17,37
1097,BSN,95.51,90.94,76.79,94.54,91.68,95.42,37
1098,BSN,95.51,90.94,76.79,93.38,95.65,95.42,37
1099,BSN,83.47,94.82,59.25,79.96,95.65,88.7,37
1100,BSN,72.78,71.99,76.79,79.96,95.65,82.81,37
1101,BSN,98.9,90.94,94.84,89.31,87.72,97.64,37
1102,BSN,92.71,92.88,36.55,10.45,43.49,78.81,37
1103,BSN,94.11,87.4,85.06,94.54,79.78,94.16,37
1104,BSN,96.52,98.7,96.28,97.62,97.87,98.56,37
1105,BSN,88.66,92.88,80.93,79.96,87.72,91.08,37
1106,BSN,99.64,92.88,96.28,97.95,91.68,99.3,37
1107,BSN,94.11,82.26,72.66,92.22,98.81,94.48,37
1108,BSN,99.32,94.82,99.43,99.47,98.81,99.8,37
1109,BSN,89.71,94.82,85.06,75.28,83.75,91.56,37
1110,BSN,74.8,66.85,59.25,34.54,53.29,68.07,37
1111,BSN,93.41,77.12,85.06,92.22,79.78,92.51,37
1112,BSN,74.8,54.75,76.79,75.28,33.69,72.43,37
1113,BSN,94.11,71.99,89.19,24.91,79.78,88.22,37
1114,BSN,96.08,92.88,89.19,70.61,95.65,95.1,37
1115,BSN,94.81,87.4,85.06,89.31,79.78,93.53,37
1116,BSN,98.41,87.4,91.97,92.22,83.75,96.72,37
1117,BSN,82.02,87.4,51.68,92.22,72.9,84.19,37
1118,BSN,92.71,77.12,93.41,75.28,83.75,92.03,37
1119,BSN,93.41,90.94,80.93,70.61,91.68,92.51,37
1120,BSN,96.95,90.94,66.81,24.91,63.1,89.17,37
1121,BSN,80.58,82.26,72.66,89.31,63.1,83.5,37
1122,BSN,68.5,71.99,44.12,70.61,83.75,72.43,37
1123,BSN,74.8,87.4,72.66,75.28,53.29,78.81,37
1124,BSN,98.41,94.82,85.06,92.22,87.72,97.09,37
1125,BSN,88.66,77.12,59.25,44.18,79.78,82.12,37
1126,BSN,91.83,61.11,76.79,95.71,83.75,91.08,37
1127,BSN,87.6,77.12,59.25,10.45,87.72,78.81,37
1128,BSN,90.77,61.11,91.97,79.96,97.87,91.56,37
1129,BSN,96.08,71.99,85.06,24.91,79.78,89.17,37
1130,BSN,82.02,54.75,66.81,18.16,63.1,70.3,37
1131,BSN,87.6,71.99,91.97,34.54,72.9,84.19,37
1132,BSN,98.41,94.82,99.14,94.54,63.1,98.18,37
1133,BSN,92.71,90.94,80.93,89.31,33.69,90.13,37
1134,BSN,95.51,77.12,89.19,92.22,91.68,94.79,37
1135,BSN,98.65,82.26,98.86,97.62,97.87,98.94,37
1136,BSN,88.66,94.82,98.58,75.28,63.1,92.9,37
1137,BSN,96.08,77.12,91.97,93.38,95.65,95.98,37
1138,BSN,78.85,66.85,80.93,53.82,63.1,76.98,37
1139,BSN,90.77,87.4,98.86,92.22,97.87,96.17,37
1140,BSN,93.41,94.82,98.86,53.82,87.72,95.1,37
1141,BSN,91.83,77.12,72.66,75.28,63.1,86.95,37
1142,BSN,94.11,90.94,99.43,97.62,99.75,98.69,37
1143,BSN,74.8,87.4,44.12,75.28,43.49,74.25,37
1144,BSN,88.66,94.82,91.97,93.38,95.65,94.79,37
1145,BSN,78.85,77.12,76.79,79.96,72.9,82.12,37
1146,BSN,76.83,82.26,36.55,24.91,63.1,69.19,37
1147,BSN,98.41,77.12,76.79,84.63,53.29,93.53,37
1148,BSN,83.47,98.7,59.25,84.63,79.78,88.22,37
1149,BSN,76.83,87.4,98.58,75.28,87.72,89.65,37
1150,BSN,91.83,90.94,80.93,93.38,95.65,94.16,37
1151,BSN,80.58,71.99,96.28,93.38,98.81,92.9,37
1152,BSN,78.85,61.11,72.66,75.28,79.78,78.81,37
1153,BSN,94.81,92.88,91.97,92.22,87.72,95.73,37
1154,BSN,86.35,87.4,76.79,63.45,43.49,82.81,37
1155,BSN,95.51,94.82,72.66,79.96,53.29,92.03,37
1156,BSN,89.71,92.88,76.79,96.87,79.78,93.22,37
1157,BSN,80.58,94.82,94.84,89.31,87.72,92.03,37
1158,BSN,91.83,82.26,89.19,53.82,53.29,87.64,37
1159,BSN,93.41,94.82,97.72,89.31,63.1,95.1,37
1160,BSN,98.17,87.4,93.41,79.96,79.78,95.98,37
1161,BSN,78.85,87.4,80.93,34.54,72.9,79.72,37
1162,BSN,58.56,92.88,85.06,75.28,63.1,77.9,37
1163,BSN,98.65,54.75,76.79,70.61,79.78,92.51,37
1164,BSN,76.83,54.75,59.25,63.45,98.34,78.81,37
1165,BSN,88.66,87.4,36.55,84.63,72.9,84.88,37
1166,BSN,96.95,87.4,85.06,75.28,98.34,95.73,37
1167,BSN,88.66,92.88,94.84,53.82,83.75,91.08,37
1168,BSN,99.53,87.4,99.14,97.62,95.65,99.36,37
1169,BSN,96.08,98.7,96.28,79.96,97.87,97.27,37
1170,BSN,90.77,90.94,99.43,93.38,97.87,96.9,37
1171,BSN,94.81,90.94,80.93,79.96,63.1,92.03,37
1172,BSN,93.41,82.26,89.19,95.71,72.9,93.85,37
1173,BSN,99.32,98.7,94.84,98.97,97.87,99.55,37
1174,BSN,92.71,71.99,89.19,75.28,83.75,90.6,37
1175,BSN,84.91,87.4,76.79,93.38,87.72,90.13,37
1176,BSN,87.6,94.82,80.93,84.63,95.65,92.51,37
1177,BSN,94.81,77.12,66.81,94.54,72.9,92.03,37
1178,BSN,97.39,94.82,72.66,70.61,91.68,94.79,37
1179,BSN,94.81,92.88,72.66,34.54,83.75,90.13,37
1183,BS ABE,84.91,77.12,80.93,63.45,79.78,84.19,10
1190,BS ABE,63.53,66.85,66.81,44.18,63.1,65.83,10
1192,BS ABE,82.02,54.75,66.81,44.18,72.9,74.25,10
1196,BS ABE,70.75,42.05,44.12,75.28,72.9,66.95,10
1200,BS ABE,90.77,82.26,89.19,79.96,98.34,93.22,10
1204,BS ABE,74.8,61.11,94.84,95.71,53.29,85.57,10
1206,BS ABE,61.05,87.4,66.81,24.91,63.1,66.95,10
1208,BS ABE,94.81,71.99,97.72,84.63,72.9,93.85,10
1209,BS ABE,58.56,77.12,91.97,93.38,53.29,79.72,10
1210,BS ABE,99.32,94.82,80.93,75.28,97.87,97.46,10
1212,BS ABE,58.56,71.99,72.66,70.61,79.78,71.42,10
1221,BS ABE,66.01,90.94,89.19,92.22,98.81,89.17,10
1236,BS CE,94.81,94.82,99.94,93.38,98.34,98.81,15
1237,BS CE,96.08,94.82,94.84,97.62,97.87,98.05,15
1238,BS CE,92.71,30.03,94.84,99.2,79.78,94.16,15
1239,BS CE,90.77,92.88,91.97,94.54,95.65,95.42,15
1240,BS CE,91.83,92.88,91.97,24.91,72.9,89.17,15
1241,BS CE,88.66,61.11,93.41,92.22,98.34,92.9,15
1242,BS CE,70.75,61.11,59.25,53.82,79.78,70.3,15
1243,BS CE,84.91,71.99,93.41,98.63,79.78,93.22,15
1244,BS CE,87.6,96.76,89.19,94.54,91.68,94.48,15
1245,BS CE,98.41,87.4,99.14,97.62,98.34,99.1,15
1246,BS CE,94.11,94.82,94.84,99.75,98.34,98.94,15
1247,BS CE,93.41,71.99,89.19,95.71,91.68,94.48,15
1248,BS CE,90.77,87.4,85.06,63.45,87.72,90.13,15
1249,BS CE,98.17,87.4,97.72,94.54,97.87,98.18,15
1250,BS CE,88.66,90.94,91.97,97.62,79.78,94.16,15
1251,BS CE,97.39,99.7,96.28,99.34,79.78,99.04,15
1252,BS CE,96.52,87.4,98.86,99.75,83.75,98.94,15
1253,BS CE,98.17,98.7,94.84,97.95,91.68,98.81,15
1254,BS CE,99.14,96.76,91.97,99.2,99.28,99.55,15
1255,BS CE,98.9,90.94,97.72,95.71,87.72,98.43,15
1256,BS CE,87.6,90.94,94.84,93.38,98.34,95.1,15
1257,BS CE,99.74,94.82,94.84,97.95,95.65,99.42,15
1258,BS CE,58.56,87.4,94.84,98.97,43.49,87.64,15
1259,BS CE,61.05,54.75,96.28,98.29,83.75,86.95,15
1260,BS CE,89.71,82.26,85.06,97.95,91.68,94.48,15
1261,BS CE,88.66,96.76,99.14,99.2,87.72,97.92,15
1262,BS CE,78.85,94.82,89.19,93.38,87.72,91.08,15
1263,BS CE,98.17,96.76,66.81,89.31,87.72,96.17,15
1264,BS CE,93.41,87.4,98.86,98.97,79.78,97.46,15
1265,BS CE,88.66,61.11,93.41,96.87,53.29,90.6,15
1266,BS CE,86.35,82.26,76.79,84.63,95.65,89.65,15
1267,BS CE,97.83,98.7,97.72,92.22,79.78,97.8,15
1268,BS CE,80.58,87.4,89.19,92.22,87.72,89.65,15
1269,BS CE,88.66,94.82,98.58,99.2,97.87,97.92,15
1270,BS CE,82.02,90.94,44.12,79.96,83.75,83.5,15
1271,BS CE,72.78,90.94,80.93,92.22,63.1,84.19,15
1272,BS CE,84.91,82.26,89.19,98.29,43.49,91.08,15
1273,BS CE,74.8,71.99,85.06,92.22,79.78,84.19,15
1274,BS CE,83.47,87.4,93.41,93.38,63.1,90.13,15
1275,BS CE,78.85,48.4,89.19,92.22,91.68,85.57,15
1276,BS CE,86.35,82.26,94.84,79.96,83.75,90.6,15
1277,BS CE,88.66,96.76,66.81,84.63,79.78,90.13,15
1278,BS CE,83.47,96.76,93.41,84.63,91.68,92.9,15
1279,BS CE,86.35,71.99,72.66,89.31,87.72,87.64,15
1280,BS CE,97.39,94.82,97.72,53.82,97.87,96.9,15
1281,BS CE,98.17,94.82,93.41,99.34,98.81,99.3,15
1282,BS CE,87.6,77.12,85.06,98.29,87.72,93.53,15
1283,BS CE,78.85,61.11,85.06,63.45,91.68,82.12,15
1284,BS CE,52.9,71.99,59.25,24.91,79.78,61.37,15
1285,BS CE,99.64,90.94,99.14,93.38,97.87,99.3,15
1286,BS CE,86.35,82.26,80.93,79.96,79.78,87.64,15
1287,BS CE,97.83,96.76,98.58,98.97,91.68,99.17,15
1288,BS CE,96.08,92.88,97.72,94.54,91.68,97.46,15
1289,BS CE,93.41,90.94,80.93,92.22,83.75,93.53,15
1290,BS CE,84.91,77.12,98.58,96.87,83.75,93.85,15
1291,BS CE,87.6,42.05,91.97,92.22,91.68,89.17,15
1292,BS CE,44.05,66.85,91.97,84.63,72.9,72.43,15
1293,BS CE,96.08,66.85,93.41,99.61,87.72,97.64,15
1294,BS CE,96.08,94.82,72.66,96.87,63.1,95.1,15
1295,BS CE,98.9,90.94,94.84,96.87,83.75,98.18,15
1296,BS CE,98.17,54.75,93.41,95.71,87.72,96.35,15
1297,BS CE,82.02,94.82,51.68,79.96,72.9,84.19,15
1298,BS CE,93.41,48.4,80.93,79.96,53.29,86.26,15
1299,BS CE,83.47,87.4,99.43,97.62,98.34,96.54,15
1300,BS CE,90.77,90.94,98.86,97.95,83.75,96.72,15
1301,BS CE,80.58,87.4,59.25,96.87,87.72,88.7,15
1302,BS CE,94.11,82.26,91.97,79.96,91.68,93.85,15
1303,BS CE,97.39,99.77,94.84,98.63,95.65,99.1,15
1304,BS CE,96.08,82.26,93.41,96.87,83.75,96.35,15
1305,BS CE,97.39,96.76,99.14,97.95,91.68,99.04,15
1306,BS CE,87.6,87.4,89.19,98.63,95.65,95.42,15
1307,BS CE,96.52,82.26,96.28,97.62,91.68,97.46,15
1308,BS CE,97.83,94.82,97.72,99.61,95.65,99.36,15
1309,BS CE,52.9,66.85,72.66,93.38,97.87,78.81,15
1310,BS CE,92.71,90.94,91.97,93.38,97.87,95.73,15
1311,BS CE,99.32,92.88,94.84,92.22,98.34,98.69,15
1312,BS CE,83.47,77.12,85.06,79.96,83.75,86.95,15
1313,BS CE,96.95,92.88,93.41,92.22,91.68,96.9,15
1314,BS CE,98.17,99.7,93.41,97.62,98.34,99.04,15
1315,BS CE,90.77,92.88,93.41,94.54,43.49,93.22,15
1316,BS CE,96.95,90.94,89.19,94.54,72.9,95.98,15
1317,BS CE,94.11,90.94,91.97,96.87,91.68,96.35,15
1318,BS CE,89.71,90.94,72.66,79.96,63.1,88.22,15
1319,BS CE,98.65,90.94,93.41,99.75,87.72,99.17,15
1320,BS CE,96.52,94.82,72.66,92.22,97.87,96.17,15
1321,BS CE,94.11,87.4,72.66,98.29,91.68,95.73,15
1322,BS CE,95.51,96.76,96.28,99.47,79.78,98.43,15
1323,BS CE,89.71,54.75,59.25,97.95,91.68,90.6,15
1324,BS CE,93.41,90.94,99.43,99.75,95.65,99.04,15
1325,BS CE,95.51,96.76,94.84,97.95,97.87,98.18,15
1326,BS CE,83.47,35.7,44.12,53.82,95.65,75.16,15
1328,BS COE,88.66,77.12,91.97,94.54,63.1,91.08,17
1329,BS COE,83.47,77.12,59.25,63.45,72.9,79.72,17
1330,BS COE,68.5,92.88,72.66,96.87,91.68,88.22,17
1331,BS COE,86.35,54.75,72.66,53.82,72.9,78.81,17
1332,BS COE,70.75,77.12,93.41,53.82,72.9,79.72,17
1333,BS COE,84.91,92.88,91.97,70.61,53.29,87.64,17
1334,BS COE,83.47,71.99,85.06,84.63,53.29,84.19,17
1335,BS COE,52.9,66.85,85.06,70.61,72.9,70.3,17
1336,BS COE,87.6,77.12,51.68,24.91,43.49,75.16,17
1337,BS COE,76.83,94.82,51.68,75.28,91.68,84.19,17
1338,BS COE,91.83,87.4,91.97,93.38,33.69,91.56,17
1339,BS COE,96.95,61.11,99.14,97.95,98.81,98.31,17
1340,BS COE,92.71,98.7,94.84,98.29,83.75,97.27,17
1341,BS COE,83.47,54.75,80.93,75.28,72.9,81.43,17
1342,BS COE,83.47,77.12,96.28,89.31,83.75,90.6,17
1343,BS COE,63.53,54.75,51.68,63.45,63.1,63.6,17
1344,BS COE,72.78,42.05,59.25,44.18,87.72,69.19,17
1345,BS COE,95.51,77.12,93.41,89.31,72.9,93.85,17
1346,BS COE,61.05,71.99,72.66,92.22,79.78,76.98,17
1347,BS COE,82.02,90.94,89.19,95.71,79.78,91.08,17
1348,BS COE,83.47,87.4,89.19,53.82,63.1,84.19,17
1349,BS COE,94.11,96.76,91.97,92.22,95.65,96.35,17
1350,BS COE,94.81,87.4,98.58,99.75,97.87,98.94,17
1351,BS COE,63.53,77.12,66.81,75.28,53.29,71.42,17
1352,BS COE,92.71,90.94,72.66,75.28,53.29,88.7,17
1353,BS COE,91.83,94.82,94.84,92.22,91.68,95.73,17
1354,BS COE,99.42,94.82,99.98,99.85,99.28,99.92,17
1355,BS COE,88.66,71.99,85.06,97.95,83.75,92.9,17
1356,BS COE,66.01,61.11,80.93,98.29,72.9,83.5,17
1357,BS ECE,94.81,71.99,91.97,79.96,95.65,93.85,18
1358,BS ECE,72.78,42.05,72.66,89.31,91.68,78.81,18
1359,BS ECE,68.5,94.82,91.97,92.22,43.49,84.88,18
1360,BS ECE,92.71,71.99,94.84,93.38,79.78,93.53,18
1361,BS ECE,66.01,66.85,51.68,34.54,83.75,66.95,18
1362,BS ECE,82.02,90.94,72.66,84.63,95.65,88.7,18
1363,BS ECE,97.83,87.4,91.97,99.34,95.65,98.56,18
1364,BS ECE,90.77,82.26,96.28,70.61,97.87,93.53,18
1365,BS ECE,94.11,92.88,96.28,99.88,83.75,98.69,18
1366,BS ECE,72.78,48.4,44.12,24.91,83.75,64.72,18
1367,BS ECE,91.83,61.11,72.66,96.87,72.9,90.13,18
1368,BS ECE,78.85,87.4,93.41,94.54,79.78,90.13,18
1369,BS ECE,76.83,87.4,80.93,70.61,63.1,81.43,18
1370,BS ECE,68.5,71.99,91.97,79.96,87.72,82.81,18
1371,BS ECE,86.35,87.4,59.25,44.18,91.68,84.19,18
1372,BS ECE,92.71,66.85,93.41,97.62,87.72,94.79,18
1373,BS ECE,94.81,90.94,97.72,97.62,98.81,98.05,18
1374,BS ECE,68.5,90.94,29.96,70.61,79.78,73.34,18
1375,BS ECE,89.71,87.4,85.06,84.63,79.78,90.6,18
1376,BS ECE,93.41,71.99,44.12,63.45,91.68,86.95,18
1377,BS ECE,90.77,94.82,72.66,93.38,72.9,92.03,18
1378,BS ECE,95.51,77.12,94.84,34.54,83.75,92.03,18
1379,BS ECE,89.71,94.82,89.19,98.63,87.72,96.17,18
1381,BS EE,70.75,54.75,80.93,53.82,53.29,70.3,19
1382,BS EE,58.56,66.85,85.06,24.91,20.6,60.09,19
1383,BS EE,98.65,87.4,96.28,84.63,91.68,97.46,19
1384,BS EE,87.6,92.88,51.68,53.82,79.78,84.19,19
1385,BS EE,31.88,66.85,93.41,53.82,83.75,65.83,19
1386,BS EE,68.5,98.7,66.81,53.82,83.75,80.63,19
1387,BS EE,98.9,96.76,99.87,99.98,95.65,99.89,19
1388,BS EE,89.71,77.12,91.97,53.82,72.9,87.64,19
1389,BS EE,96.08,90.94,80.93,97.62,63.1,95.42,19
1391,BS EE,55.84,92.88,76.79,44.18,20.6,65.83,19
1392,BS EE,61.05,77.12,91.97,98.29,72.9,86.26,19
1393,BS EE,92.71,92.88,96.28,93.38,87.72,95.98,19
1394,BS EE,88.66,42.05,29.96,18.16,43.49,65.83,19
1395,BS EE,66.01,42.05,51.68,24.91,97.87,65.83,19
1396,BS EE,74.8,71.99,76.79,93.38,79.78,83.5,19
1398,BS EE,44.05,61.11,80.93,79.96,72.9,66.95,19
1399,BS EE,97.39,77.12,98.58,99.61,87.72,98.81,19
1400,BS EE,96.95,90.94,76.79,98.29,97.87,97.46,19
1401,BS EE,98.17,94.82,98.58,99.34,87.72,99.23,19
1403,BS EE,61.05,30.03,44.12,53.82,95.65,62.48,19
1404,BS EE,47.0,71.99,89.19,75.28,91.68,75.16,19
1405,BS EE,90.77,87.4,97.72,99.85,83.75,97.92,19
1406,BS EE,92.71,82.26,94.84,98.63,91.68,96.72,19
1407,BS EE,88.66,82.26,93.41,84.63,97.87,93.22,19
1408,BS EE,90.77,61.11,59.25,44.18,98.34,85.57,19
1409,BS EE,76.83,94.82,96.28,18.16,79.78,84.88,19
1410,BS EE,80.58,48.4,51.68,75.28,63.1,73.34,19
1411,BS EE,78.85,82.26,76.79,95.71,83.75,88.22,19
1412,BS EE,89.71,92.88,96.28,94.54,98.34,96.35,19
1413,BS EE,89.71,77.12,93.41,89.31,53.29,90.13,19
1414,BS EE,90.77,71.99,91.97,84.63,63.1,89.65,19
1415,BS EE,90.77,90.94,29.96,63.45,26.06,79.72,19
1416,BS EE,70.75,77.12,85.06,93.38,72.9,83.5,19
1419,BS EE,94.11,87.4,76.79,44.18,53.29,87.64,19
1420,BS EE,87.6,87.4,85.06,92.22,95.65,92.51,19
1421,BS EE,96.95,87.4,96.28,99.75,95.65,99.04,19
1422,BS EE,83.47,77.12,85.06,96.87,53.29,88.7,19
1423,BS EE,76.83,54.75,89.19,84.63,87.72,83.5,19
1424,BS EE,90.77,61.11,85.06,96.87,95.65,93.22,19
1425,BS EE,83.47,61.11,51.68,14.31,26.06,64.72,19
1426,BS EE,87.6,82.26,80.93,89.31,95.65,91.08,19
1427,BS EE,82.02,87.4,91.97,93.38,72.9,89.65,19
1429,BS EE,91.83,66.85,93.41,95.71,53.29,92.03,19
1431,BS ENE,61.05,71.99,59.25,89.31,79.78,74.25,20
1433,BS ENE,74.8,82.26,80.93,89.31,63.1,82.81,20
1434,BS ENE,84.91,87.4,89.19,63.45,98.34,90.13,20
1435,BS ENE,83.47,48.4,91.97,84.63,33.69,81.43,20
1436,BS ENE,86.35,71.99,59.25,92.22,72.9,84.88,20
1437,BS ENE,80.58,42.05,76.79,34.54,72.9,72.43,20
1438,BS ENE,86.35,94.82,91.97,93.38,53.29,91.56,20
1439,BS ENE,83.47,77.12,72.66,63.45,87.72,83.5,20
1440,BS ENE,74.8,77.12,80.93,44.18,87.72,79.72,20
1441,BS ENE,96.52,94.82,89.19,93.38,95.65,96.9,20
1442,BS ENE,84.91,82.26,76.79,34.54,91.68,84.19,20
1443,BS ENE,76.83,90.94,51.68,34.54,53.29,73.34,20
1444,BS ENE,89.71,66.85,80.93,79.96,63.1,86.26,20
1445,BS ENE,86.35,82.26,91.97,24.91,79.78,84.88,20
1446,BS ENE,96.52,99.7,89.19,94.54,97.87,97.8,20
1447,BS ENE,96.08,96.76,89.19,93.38,83.75,96.35,20
1448,BS ENE,63.53,54.75,66.81,44.18,79.78,65.83,20
1449,BS ENE,74.8,54.75,72.66,92.22,9.69,71.42,20
1450,BS ENE,93.41,71.99,72.66,34.54,91.68,87.64,20
1451,BS ENE,55.84,61.11,76.79,63.45,63.1,65.83,20
1452,BS ENE,93.41,82.26,72.66,53.82,53.29,86.26,20
1453,BS ENE,61.05,48.4,85.06,63.45,43.49,65.83,20
1454,BS ENE,89.71,71.99,72.66,18.16,79.78,81.43,20
1455,BS GE,68.5,92.88,85.06,63.45,72.9,80.63,22
1456,BS GE,80.58,61.11,44.12,96.87,63.1,81.43,22
1457,BS GE,84.91,94.82,89.19,70.61,63.1,88.22,22
1458,BS GE,92.71,90.94,72.66,70.61,83.75,90.13,22
1459,BS GE,66.01,71.99,72.66,97.95,83.75,84.19,22
1460,BS GE,94.11,66.85,13.15,44.18,63.1,77.9,22
1462,BS GE,87.6,54.75,76.79,24.91,79.78,78.81,22
1463,BS GE,61.05,35.7,85.06,79.96,72.9,70.3,22
1464,BS GE,83.47,61.11,80.93,95.71,83.75,88.22,22
1465,BS GE,66.01,30.03,85.06,24.91,53.29,61.37,22
1466,BS GE,61.05,71.99,59.25,94.54,72.9,76.07,22
1467,BS GE,97.39,94.82,93.41,97.62,91.68,98.05,22
1468,BS GE,94.81,82.26,94.84,99.83,95.65,98.43,22
1469,BS GE,83.47,92.88,80.93,79.96,97.87,90.6,22
1470,BS GE,95.51,94.82,72.66,89.31,87.72,94.48,22
1471,BS GE,80.58,61.11,76.79,75.28,43.49,76.98,22
1472,BS GE,86.35,66.85,96.28,97.95,97.87,94.79,22
1473,BS GE,94.81,66.85,89.19,98.29,91.68,95.98,22
1474,BS GE,47.0,54.75,85.06,92.22,72.9,71.42,22
1475,BS GE,84.91,77.12,94.84,89.31,91.68,91.56,22
1476,BS GE,61.05,66.85,66.81,34.54,63.1,63.6,22
1478,BS GE,66.01,61.11,76.79,75.28,72.9,73.34,22
1486,BS ME,97.39,96.76,89.19,70.61,83.75,95.73,25
1487,BS ME,84.91,94.82,85.06,89.31,53.29,89.17,25
1488,BS ME,47.0,54.75,72.66,75.28,72.9,63.6,25
1489,BS ME,88.66,77.12,85.06,63.45,72.9,86.26,25
1490,BS ME,84.91,96.76,91.97,97.62,63.1,93.53,25
1491,BS ME,63.53,77.12,72.66,63.45,72.9,72.43,25
1492,BS ME,86.35,92.88,91.97,79.96,87.72,91.56,25
1493,BS ME,82.02,66.85,51.68,18.16,83.75,73.34,25
1494,BS ME,80.58,42.05,89.19,75.28,83.75,81.43,25
1495,BS ME,80.58,82.26,80.93,98.29,91.68,92.03,25
1496,BS ME,76.83,77.12,96.28,92.22,79.78,88.7,25
1497,BS ME,82.02,96.76,85.06,97.95,97.87,94.79,25
1498,BS ME,89.71,42.05,66.81,63.45,72.9,79.72,25
1499,BS ME,76.83,61.11,91.97,95.71,97.87,89.65,25
1500,BS ME,97.39,82.26,93.41,99.34,95.65,98.43,25
1501,BS ME,96.08,99.7,97.72,84.63,91.68,97.46,25
1502,BS ME,74.8,87.4,91.97,95.71,79.78,89.17,25
1503,BS ME,91.83,92.88,98.86,99.2,83.75,97.8,25
1504,BS ME,96.08,90.94,94.84,99.34,99.28,98.94,25
1505,BS ME,55.84,54.75,36.55,75.28,87.72,64.72,25
1506,BS ME,93.41,94.82,99.14,98.29,91.68,98.18,25
1507,BS ME,86.35,66.85,98.86,95.71,63.1,92.51,25
1508,BS ME,98.17,71.99,94.84,70.61,79.78,94.79,25
1509,BS ME,96.95,87.4,85.06,94.54,98.34,96.9,25
1511,BS ME,66.01,77.12,91.97,93.38,79.78,84.19,25
1512,BS ME,97.39,92.88,76.79,84.63,87.72,95.42,25
1513,BS ME,94.11,90.94,99.71,95.71,53.29,96.72,25
1514,BS ME,86.35,66.85,51.68,75.28,95.65,84.19,25
1515,BS ME,97.83,87.4,98.58,97.95,97.87,98.69,25
1516,BS ME,78.85,87.4,94.84,89.31,79.78,89.17,25
1517,BS ME,72.78,87.4,89.19,84.63,79.78,84.88,25
1518,BS ME,96.08,90.94,85.06,94.54,79.78,95.42,25
1519,BS ME,63.53,87.4,76.79,98.29,95.65,88.7,25
1520,BS ME,68.5,66.85,80.93,34.54,83.75,73.34,25
1521,BS ME,72.78,77.12,29.96,89.31,79.78,76.07,25
1522,BS ME,61.05,30.03,59.25,70.61,72.9,61.37,25
1524,BS ME,96.52,98.7,91.97,99.2,95.65,98.69,25
1525,BS ME,31.88,48.4,72.66,92.22,63.1,60.09,25
1526,BS ME,97.39,90.94,94.84,97.62,91.68,97.92,25
1527,BS ME,92.71,94.82,72.66,70.61,91.68,92.03,25
1528,BS ME,34.94,66.85,96.28,92.22,33.69,70.3,25
1529,BS ME,86.35,77.12,85.06,75.28,95.65,89.17,25
1530,BS ME,96.08,99.77,99.14,95.71,95.65,98.81,25
1531,BS ME,76.83,94.82,97.72,79.96,53.29,88.7,25
1532,BS ME,93.41,71.99,96.28,79.96,63.1,92.03,25
1533,BS ME,90.77,54.75,72.66,75.28,95.65,87.64,25
1534,BS ME,90.77,87.4,80.93,89.31,87.72,92.03,25
1535,BS ME,66.01,87.4,51.68,79.96,87.72,77.9,25
1536,BS ME,68.5,54.75,51.68,93.38,72.9,74.25,25
1537,BS ME,82.02,48.4,66.81,92.22,83.75,82.12,25
1538,BS ME,78.85,71.99,94.84,89.31,98.34,90.6,25
1539,BS ME,74.8,71.99,66.81,53.82,33.69,70.3,25
1540,BS ME,66.01,92.88,96.28,79.96,79.78,86.26,25
1541,BS ME,72.78,54.75,66.81,97.95,72.9,82.12,25
1542,BS ME,74.8,71.99,76.79,93.38,83.75,84.19,25
1543,BS ME,78.85,42.05,85.06,70.61,79.78,77.9,25
1544,BS ME,83.47,96.76,66.81,97.62,91.68,92.9,25
1545,BS ME,91.83,94.82,89.19,94.54,98.34,96.17,25
1546,BS ME,89.71,82.26,72.66,79.96,26.06,84.19,25
1547,BS ME,80.58,71.99,94.84,94.54,79.78,89.65,25
1548,BS ME,88.66,77.12,98.58,95.71,91.68,95.1,25
1549,BS ME,55.84,61.11,85.06,75.28,91.68,75.16,25
1550,BS ME,96.08,96.76,89.19,98.29,97.87,98.05,25
1551,BS ME,99.74,96.76,98.58,97.95,97.87,99.68,25
1552,BS ME,74.8,42.05,80.93,84.63,53.29,75.16,25
1553,BS ME,66.01,87.4,76.79,18.16,72.9,71.42,25
1554,BS ME,87.6,82.26,51.68,95.71,91.68,90.13,25
1555,BS ME,78.85,48.4,85.06,53.82,91.68,79.72,25
1556,BS ME,96.95,96.76,93.41,94.54,79.78,97.09,25
1557,BS ME,58.56,42.05,44.12,63.45,87.72,62.48,25
1558,BS SE,97.39,96.76,93.41,93.38,87.72,97.46,28
1559,BS SE,74.8,92.88,66.81,84.63,53.29,81.43,28
1560,BS SE,84.91,66.85,85.06,93.38,63.1,86.95,28
1561,BS SE,72.78,94.82,66.81,84.63,87.72,84.88,28
1562,BS SE,84.91,61.11,91.97,89.31,53.29,85.57,28
1563,BS SE,97.83,87.4,89.19,92.22,83.75,96.17,28
1564,BS SE,92.71,71.99,80.93,18.16,72.9,84.19,28
1565,BS SE,63.53,90.94,99.14,84.63,87.72,89.17,28
1566,BS SE,84.91,94.82,85.06,93.38,26.06,88.7,28
1567,BS SE,49.95,48.4,51.68,63.45,87.72,61.37,28
1568,BS SE,88.66,82.26,93.41,53.82,33.69,85.57,28
1569,BS SE,82.02,92.88,89.19,92.22,72.9,89.65,28
1570,BS SE,87.6,77.12,97.72,89.31,95.65,93.53,28
1571,BS SE,68.5,61.11,76.79,93.38,53.29,76.98,28
1572,BS SE,96.08,90.94,76.79,98.29,95.65,96.9,28
1573,BS SE,96.95,77.12,96.28,93.38,53.29,95.42,28
1574,BS SE,96.08,61.11,72.66,63.45,79.78,88.7,28
1575,BS SE,90.77,94.82,85.06,92.22,79.78,93.22,28
1576,BS SE,92.71,77.12,85.06,92.22,83.75,92.51,28
1577,BS SE,88.66,71.99,59.25,75.28,33.69,80.63,28
1578,BS SE,68.5,77.12,85.06,63.45,63.1,76.07,28
1579,BS SE,83.47,71.99,72.66,70.61,33.69,77.9,28
1580,BS SE,93.41,87.4,76.79,89.31,87.72,92.9,28
1581,BS SE,90.77,94.82,72.66,89.31,87.72,92.51,28
1582,BS SE,88.66,77.12,85.06,93.38,72.9,90.13,28
1583,BS SE,94.81,90.94,98.58,92.22,79.78,96.17,28
1584,BS SE,89.71,98.7,93.41,89.31,91.68,95.1,28
1585,BS SE,94.81,92.88,97.72,92.22,63.1,95.73,28
1586,BSIE,66.01,66.85,51.68,63.45,43.49,64.72,35
1587,BSIE,99.32,92.88,89.19,79.96,91.68,97.46,35
1588,BSIE,86.35,92.88,76.79,70.61,33.69,84.19,35
1589,BSIE,87.6,96.76,80.93,79.96,87.72,91.56,35
1590,BSIE,55.84,30.03,51.68,94.54,53.29,63.6,35
1591,BSIE,88.66,66.85,91.97,84.63,95.65,91.08,35
1592,BSIE,78.85,77.12,93.41,63.45,83.75,84.88,35
1593,BSIE,82.02,61.11,91.97,75.28,79.78,84.19,35
1594,BSIE,63.53,35.7,59.25,92.22,72.9,69.19,35
1595,BSIE,74.8,87.4,18.75,53.82,43.49,66.95,35
1596,BSIE,63.53,77.12,72.66,95.71,79.78,81.43,35
1597,BSIE,72.78,71.99,44.12,95.71,83.75,81.43,35
1598,BSIE,58.56,87.4,72.66,70.61,79.78,74.25,35
1599,BSIE,55.84,25.06,66.81,70.61,97.87,65.83,35
1600,BSIE,92.71,20.09,98.86,93.38,95.65,93.22,35
1601,BSIE,80.58,30.03,66.81,18.16,63.1,64.72,35
1602,BSIE,87.6,42.05,59.25,44.18,63.1,74.25,35
1603,BSIE,80.58,66.85,76.79,95.71,53.29,84.19,35
1604,BSIE,66.01,87.4,59.25,79.96,43.49,73.34,35
1605,BSIE,88.66,96.76,76.79,84.63,53.29,89.65,35
1606,BSIE,80.58,15.12,51.68,75.28,72.9,68.07,35
1607,BSIE,47.0,92.88,80.93,89.31,63.1,76.07,35
1608,BSIE,86.35,82.26,59.25,34.54,26.06,75.16,35
1609,BSIE,99.32,87.4,97.72,53.82,83.75,96.9,35
1610,BSIE,72.78,82.26,44.12,70.61,79.78,75.16,35
1611,BSIE,86.35,82.26,85.06,18.16,53.29,80.63,35
1612,BSIE,66.01,82.26,76.79,79.96,79.78,78.81,35
1613,BSIE,82.02,48.4,89.19,79.96,83.75,83.5,35
1614,BPE,61.05,66.85,44.12,70.61,53.29,63.6,8
1615,BPE,70.75,77.12,59.25,53.82,53.29,70.3,8
1616,BPE,72.78,61.11,80.93,70.61,53.29,74.25,8
1617,BPE,61.05,61.11,51.68,53.82,72.9,63.6,8
1618,BPE,66.01,71.99,59.25,79.96,72.9,73.34,8
1619,BPE,70.75,66.85,24.36,44.18,53.29,61.37,8
1620,BPE,49.95,90.94,29.96,63.45,63.1,62.48,8
1621,BPE,68.5,61.11,36.55,44.18,53.29,61.37,8
1622,BPE,80.58,90.94,72.66,18.16,26.06,73.34,8
1623,BPE,72.78,71.99,44.12,18.16,53.29,63.6,8
1624,BPE,66.01,87.4,24.36,63.45,91.68,72.43,8
1625,BPE,44.05,77.12,66.81,89.31,79.78,70.3,8
1626,BPE,80.58,61.11,36.55,18.16,43.49,63.6,8
1628,BPE,86.35,87.4,66.81,79.96,43.49,83.5,8
1629,BPE,72.78,71.99,59.25,63.45,79.78,74.25,8
1630,BPE,82.02,54.75,85.06,70.61,33.69,76.98,8
1631,BPE,78.85,90.94,76.79,70.61,33.69,79.72,8
1632,BPE,63.53,54.75,72.66,44.18,33.69,61.37,8
1633,BPE,41.05,82.26,59.25,53.82,83.75,63.6,8
1634,BPE,41.05,87.4,72.66,94.54,87.72,76.98,8
1635,BPE,84.91,66.85,59.25,75.28,43.49,77.9,8
1636,BPE,76.83,94.82,59.25,53.82,91.68,82.81,8
1637,BPE,66.01,82.26,44.12,44.18,20.6,61.37,8
1639,BPE,84.91,82.26,66.81,44.18,87.72,82.81,8
1640,BPE,66.01,98.7,89.19,18.16,63.1,77.9,8
1642,BPE,55.84,61.11,72.66,63.45,53.29,63.6,8
1643,BPE,41.05,77.12,59.25,79.96,53.29,62.48,8
1644,BPE,47.0,35.7,72.66,79.96,63.1,60.09,8
1645,BPE,66.01,77.12,72.66,94.54,79.78,81.43,8
1646,BPE,49.95,61.11,96.28,79.96,79.78,76.07,8
1647,BPE,84.91,42.05,24.36,63.45,72.9,70.3,8
1648,BPE,82.02,48.4,80.93,63.45,63.1,76.98,8
1649,BPE,66.01,71.99,76.79,92.22,63.1,77.9,8
1650,BPE,55.84,61.11,89.19,75.28,26.06,66.95,8
1651,BPE,68.5,48.4,36.55,70.61,87.72,68.07,8
1652,BPE,66.01,25.06,66.81,92.22,72.9,69.19,8
1653,BPE,61.05,77.12,36.55,89.31,26.06,65.83,8
1654,BPE,49.95,25.06,72.66,44.18,97.87,61.37,8
1655,BPE,68.5,82.26,89.19,53.82,63.1,76.98,8
1656,BPE,70.75,54.75,80.93,70.61,72.9,74.25,8
1657,BPE,74.8,77.12,72.66,44.18,53.29,73.34,8
1658,BPE,70.75,54.75,72.66,24.91,33.69,62.48,8
1659,BPE,74.8,48.4,44.12,63.45,43.49,64.72,8
1660,BPE,76.83,77.12,51.68,53.82,72.9,74.25,8
1661,BPE,70.75,71.99,85.06,63.45,72.9,76.98,8
1662,BPE,76.83,66.85,44.12,44.18,26.06,64.72,8
1663,BPE,72.78,35.7,51.68,63.45,33.69,61.37,8
1664,BPE,28.82,87.4,36.55,94.54,33.69,60.09,8
1665,BPE,68.5,61.11,72.66,84.63,95.65,79.72,8
1666,BPE,52.9,71.99,59.25,24.91,79.78,61.37,8
1667,BPE,52.9,77.12,91.97,79.96,53.29,74.25,8
1668,BPE,70.75,82.26,80.93,84.63,63.1,80.63,8
1669,BPE,86.35,77.12,51.68,53.82,43.49,76.98,8
1670,BPE,58.56,54.75,72.66,75.28,87.72,71.42,8
1671,BPE,76.83,71.99,85.06,93.38,43.49,82.81,8
1672,BPE,76.83,77.12,66.81,34.54,1.06,62.48,8
1673,BPE,55.84,54.75,89.19,84.63,43.49,70.3,8
1674,BPE,72.78,77.12,29.96,63.45,26.06,64.72,8
1675,BPE,86.35,77.12,89.19,84.63,53.29,86.95,8
1676,BPE,28.82,82.26,66.81,63.45,87.72,62.48,8
1677,BPE,52.9,42.05,76.79,75.28,87.72,68.07,8
1678,BPE,91.83,61.11,98.86,24.91,83.75,89.65,8
1680,BPE,61.05,66.85,80.93,53.82,53.29,68.07,8
1681,BPE,66.01,54.75,94.84,63.45,63.1,75.16,8
1697,BPED,80.58,82.26,66.81,6.59,63.1,71.42,9
1704,BPED,80.58,77.12,36.55,18.16,33.69,65.83,9
1711,BPED,66.01,35.7,98.86,79.96,72.9,79.72,9
1712,BPED,84.91,96.76,89.19,18.16,87.72,87.64,9
1759,BS BIO,68.5,61.11,80.93,79.96,26.06,71.42,13
1760,BS BIO,90.77,82.26,76.79,75.28,79.78,88.7,13
1761,BS BIO,86.35,82.26,96.28,93.38,91.68,93.53,13
1762,BS BIO,94.11,77.12,89.19,84.63,63.1,91.56,13
1763,BS BIO,70.75,77.12,85.06,75.28,63.1,78.81,13
1765,BS BIO,78.85,61.11,44.12,70.61,79.78,74.25,13
1766,BS BIO,89.71,71.99,44.12,79.96,72.9,83.5,13
1767,BS BIO,58.56,87.4,80.93,63.45,43.49,71.42,13
1768,BS BIO,78.85,92.88,97.72,10.45,87.72,85.57,13
1769,BS BIO,92.71,96.76,97.72,63.45,95.65,95.42,13
1770,BS BIO,58.56,54.75,80.93,44.18,43.49,62.48,13
1771,BS BIO,80.58,87.4,80.93,94.54,63.1,87.64,13
1772,BS BIO,84.91,66.85,80.93,70.61,79.78,83.5,13
1773,BS BIO,72.78,82.26,59.25,79.96,63.1,76.98,13
1774,BS BIO,99.42,99.7,94.84,98.63,87.72,99.42,13
1775,BS BIO,90.77,77.12,93.41,63.45,97.87,92.03,13
1776,BS BIO,68.5,25.06,72.66,70.61,83.75,68.07,13
1777,BS BIO,83.47,66.85,66.81,44.18,72.9,76.98,13
1778,BS BIO,74.8,61.11,76.79,84.63,87.72,81.43,13
1779,BS BIO,99.14,94.82,94.84,63.45,95.65,97.64,13
1780,BS BIO,70.75,77.12,89.19,6.59,83.75,73.34,13
1781,BS BIO,96.08,96.76,97.72,95.71,91.68,97.92,13
1782,BS BIO,86.35,90.94,91.97,44.18,33.69,84.19,13
1783,BS BIO,78.85,35.7,94.84,14.31,53.29,71.42,13
1784,BS BIO,84.91,77.12,89.19,53.82,26.06,80.63,13
1785,BS BIO,82.02,66.85,44.12,92.22,79.78,81.43,13
1786,BS BIO,86.35,77.12,51.68,44.18,53.29,76.98,13
1788,BS BIO,76.83,90.94,72.66,34.54,87.72,80.63,13
1790,BS BIO,70.75,92.88,44.12,75.28,87.72,79.72,13
1791,BS BIO,82.02,71.99,51.68,44.18,72.9,75.16,13
1792,BS BIO,96.08,87.4,97.72,53.82,79.78,94.16,13
1793,BS BIO,90.77,61.11,51.68,79.96,63.1,82.81,13
1794,BS BIO,86.35,71.99,76.79,79.96,83.75,86.26,13
1795,BS BIO,80.58,82.26,96.28,92.22,91.68,91.56,13
1796,BS BIO,70.75,77.12,97.72,79.96,72.9,84.88,13
1798,BS BIO,83.47,92.88,97.72,84.63,91.68,93.22,13
1799,BS BIO,96.95,92.88,80.93,92.22,87.72,95.98,13
1800,BS BIO,99.14,87.4,89.19,70.61,87.72,96.35,13
1801,BS BIO,86.35,71.99,59.25,63.45,63.1,79.72,13
1802,BS BIO,92.71,48.4,89.19,89.31,91.68,91.08,13
1803,BS BIO,83.47,54.75,91.97,53.82,53.29,79.72,13
1804,BS BIO,93.41,61.11,66.81,70.61,97.87,89.17,13
1805,BS BIO,86.35,90.94,94.84,70.61,91.68,91.56,13
1807,BS BIO,72.78,66.85,76.79,34.54,72.9,72.43,13
1808,BS BIO,72.78,48.4,72.66,93.38,83.75,79.72,13
1809,BS BIO,92.71,94.82,80.93,89.31,79.78,93.22,13
1810,BS BIO,66.01,54.75,66.81,79.96,72.9,71.42,13
1811,BS BIO,70.75,77.12,44.12,92.22,43.49,74.25,13
1812,BS BIO,74.8,61.11,98.86,63.45,53.29,82.12,13
1813,BS BIO,72.78,77.12,66.81,63.45,87.72,77.9,13
1814,BS BIO,55.84,77.12,72.66,75.28,79.78,72.43,13
1815,BS BIO,88.66,96.76,59.25,18.16,79.78,84.19,13
1816,BS BIO,89.71,94.82,72.66,75.28,91.68,91.08,13
1817,BS BIO,86.35,77.12,66.81,63.45,63.1,81.43,13
1818,BS BIO,82.02,87.4,80.93,92.22,26.06,84.19,13
1819,BS BIO,68.5,66.85,80.93,24.91,79.78,71.42,13
1820,BS BIO,87.6,66.85,51.68,89.31,83.75,84.88,13
1821,BS BIO,70.75,66.85,59.25,44.18,79.78,70.3,13
1822,BS BIO,76.83,94.82,91.97,95.71,91.68,92.51,13
1823,BS BIO,89.71,99.7,97.72,63.45,83.75,94.16,13
1824,BS BIO,68.5,71.99,59.25,53.82,20.6,63.6,13
1825,BS BIO,74.8,66.85,24.36,92.22,63.1,73.34,13
1826,BS BIO,47.0,94.82,89.19,63.45,83.75,76.98,13
1827,BS BIO,97.83,90.94,94.84,95.71,63.1,96.9,13
1828,BS BIO,94.11,82.26,89.19,75.28,63.1,91.08,13
1829,BS BIO,63.53,61.11,76.79,79.96,63.1,72.43,13
1830,BS BIO,76.83,71.99,44.12,53.82,83.75,74.25,13
1831,BS BIO,87.6,87.4,89.19,89.31,83.75,91.08,13
1832,BS BIO,89.71,90.94,72.66,44.18,72.9,85.57,13
1833,BS BIO,83.47,90.94,51.68,44.18,87.72,82.12,13
1834,BS BIO,83.47,87.4,85.06,75.28,83.75,87.64,13
1835,BS BIO,86.35,90.94,85.06,97.95,72.9,92.9,13
1836,BS BIO,82.02,82.26,91.97,24.91,87.72,84.19,13
1837,BS BIO,83.47,90.94,59.25,70.61,72.9,82.81,13
1838,BS BIO,63.53,61.11,59.25,44.18,79.78,65.83,13
1839,BS BIO,92.71,92.88,85.06,89.31,99.28,95.73,13
1840,BS BIO,96.95,82.26,72.66,79.96,63.1,92.03,13
1841,BS BIO,80.58,82.26,85.06,34.54,26.06,76.07,13
1842,BS BIO,74.8,77.12,80.93,63.45,33.69,75.16,13
1844,BS BIO,70.75,87.4,72.66,92.22,83.75,83.5,13
1846,BS BIO,83.47,54.75,93.41,79.96,72.9,84.88,13
1847,BS BIO,78.85,77.12,72.66,53.82,53.29,76.07,13
1848,BS BIO,97.83,96.76,99.89,98.29,87.72,99.36,13
1849,BS BIO,92.71,82.26,66.81,53.82,83.75,87.64,13
1850,BS BIO,89.71,82.26,76.79,53.82,79.78,86.26,13
1851,BS BIO,84.91,87.4,76.79,70.61,43.49,82.81,13
1852,BS BIO,94.81,54.75,76.79,89.31,87.72,91.08,13
1853,BS BIO,61.05,90.94,97.72,93.38,63.1,86.26,13
1855,BS BIO,83.47,77.12,51.68,44.18,26.06,72.43,13
1856,BS BIO,63.53,82.26,76.79,79.96,33.69,73.34,13
1857,BS BIO,76.83,71.99,66.81,63.45,72.9,76.07,13
1858,BS BIO,96.08,96.76,89.19,93.38,98.34,97.27,13
1859,BS BIO,87.6,42.05,72.66,84.63,79.78,82.81,13
1860,BS BIO,99.93,96.76,99.71,99.2,98.81,99.89,13
1861,BS BIO,86.35,66.85,44.12,84.63,72.9,81.43,13
1862,BS BIO,49.95,54.75,96.28,70.61,87.72,75.16,13
1863,BS BIO,98.41,96.76,80.93,97.62,83.75,97.8,13
1864,BS BIO,84.91,61.11,29.96,70.61,26.06,70.3,13
1865,BS BIO,93.41,90.94,85.06,75.28,95.65,93.53,13
1867,BS BIO,93.41,48.4,72.66,18.16,91.68,83.5,13
1868,BS BIO,66.01,54.75,29.96,84.63,53.29,64.72,13
1869,BS BIO,98.65,98.7,96.28,99.34,95.65,99.49,13
1870,BS BIO,86.35,82.26,89.19,97.62,79.78,92.51,13
1871,BS BIO,98.9,92.88,97.72,94.54,98.81,99.04,13
1872,BS BIO,80.58,87.4,85.06,70.61,63.1,83.5,13
1873,BS BIO,83.47,42.05,76.79,98.63,83.75,88.7,13
1876,BS BIO,70.75,71.99,76.79,63.45,63.1,74.25,13
1877,BS BIO,90.77,71.99,91.97,89.31,72.9,90.6,13
1878,BS BIO,89.71,90.94,80.93,70.61,87.72,90.13,13
1879,BS BIO,78.85,77.12,80.93,79.96,43.49,80.63,13
1880,BS BIO,88.66,66.85,76.79,84.63,79.78,86.95,13
1881,BS BIO,97.39,87.4,93.41,98.29,72.9,97.27,13
1882,BS BIO,76.83,71.99,76.79,44.18,79.78,76.98,13
1883,BS BIO,66.01,77.12,44.12,53.82,63.1,66.95,13
1884,BS BIO,66.01,82.26,66.81,14.31,43.49,63.6,13
1885,BS BIO,99.14,94.82,97.72,89.31,98.34,98.81,13
1886,BS BIO,74.8,42.05,80.93,44.18,83.75,73.34,13
1887,BS BIO,68.5,77.12,66.81,75.28,53.29,73.34,13
1888,BS BIO,76.83,77.12,59.25,44.18,79.78,75.16,13
1889,BS BIO,94.11,94.82,99.71,99.2,87.72,98.81,13
1890,BS BIO,86.35,71.99,98.86,95.71,83.75,93.85,13
1891,BS CHEM,89.71,71.99,85.06,95.71,63.1,90.6,16
1892,BS CHEM,70.75,90.94,51.68,79.96,83.75,79.72,16
1893,BS CHEM,95.51,54.75,96.28,84.63,83.75,93.53,16
1894,BS CHEM,78.85,42.05,94.84,70.61,72.9,80.63,16
1895,BS CHEM,47.0,77.12,76.79,79.96,72.9,70.3,16
1897,BS CHEM,93.41,87.4,98.58,75.28,91.68,95.1,16
1898,BS CHEM,88.66,87.4,66.81,89.31,63.1,87.64,16
1899,BS CHEM,96.52,94.82,97.72,63.45,97.87,96.72,16
1900,BS CHEM,83.47,87.4,97.72,94.54,83.75,93.22,16
1901,BS CHEM,66.01,66.85,66.81,44.18,20.6,61.37,16
1902,BS CHEM,96.95,90.94,93.41,97.62,98.81,98.18,16
1903,BS CHEM,95.51,94.82,91.97,53.82,95.65,94.79,16
1904,BS CHEM,97.39,90.94,99.14,94.54,91.68,98.18,16
1905,BS CHEM,99.85,87.4,99.14,99.47,87.72,99.74,16
1906,BS CHEM,86.35,92.88,97.72,99.61,95.65,97.64,16
1907,BS CHEM,89.71,87.4,98.58,89.31,53.29,92.9,16
1908,BS CHEM,92.71,82.26,93.41,53.82,91.68,92.03,16
1910,BS CHEM,97.39,90.94,98.86,98.29,91.68,98.69,16
1911,BS CHEM,63.53,42.05,76.79,70.61,63.1,66.95,16
1912,BS CHEM,91.83,90.94,96.28,75.28,72.9,92.9,16
1913,BS CHEM,82.02,94.82,98.86,34.54,79.78,89.65,16
1914,BS CHEM,82.02,61.11,51.68,63.45,53.29,73.34,16
1915,BS CHEM,41.05,54.75,80.93,79.96,53.29,62.48,16
1916,BS CHEM,91.83,94.82,89.19,93.38,53.29,93.22,16
1917,BS CHEM,80.58,61.11,66.81,34.54,72.9,73.34,16
1918,BS CHEM,88.66,87.4,93.41,99.34,91.68,96.54,16
1919,BS CHEM,97.39,99.7,98.86,95.71,83.75,98.56,16
1920,BS CHEM,96.08,96.76,97.72,98.29,91.68,98.43,16
1922,BS CHEM,74.8,71.99,89.19,79.96,79.78,82.81,16
1923,BS MATH,74.8,42.05,72.66,63.45,53.29,69.19,24
1924,BS MATH,82.02,61.11,36.55,84.63,83.75,78.81,24
1925,BS MATH,72.78,66.85,66.81,75.28,53.29,73.34,24
1926,BS MATH,61.05,66.85,80.93,63.45,87.72,74.25,24
1927,BS MATH,63.53,54.75,51.68,84.63,53.29,66.95,24
1928,BS MATH,47.0,66.85,72.66,53.82,87.72,65.83,24
1929,BS MATH,58.56,92.88,13.15,93.38,26.06,66.95,24
1930,BS MATH,89.71,71.99,91.97,93.38,87.72,92.51,24
1931,BS MATH,72.78,96.76,59.25,75.28,26.06,76.98,24
1932,BS MATH,63.53,61.11,51.68,92.22,63.1,71.42,24
1933,BS MATH,63.53,54.75,7.54,79.96,72.9,60.09,24
1934,BS MATH,68.5,54.75,29.96,70.61,87.72,68.07,24
1935,BS MATH,70.75,87.4,66.81,70.61,79.78,77.9,24
1936,BS MATH,58.56,35.7,85.06,84.63,63.1,69.19,24
1937,BS MATH,70.75,61.11,24.36,75.28,63.1,65.83,24
1938,BS MATH,44.05,42.05,66.81,89.31,79.78,63.6,24
1939,BS MATH,72.78,82.26,51.68,79.96,79.78,77.9,24
1940,BS MATH,70.75,66.85,76.79,70.61,63.1,74.25,24
1941,BS MATH,49.95,82.26,72.66,79.96,53.29,69.19,24
1942,BS MATH,96.08,66.85,96.28,99.34,91.68,97.8,24
1943,BS MATH,63.53,77.12,85.06,96.87,87.72,85.57,24
1944,BS MATH,83.47,90.94,44.12,63.45,33.69,76.98,24
1945,BS MATH,52.9,54.75,59.25,84.63,63.1,64.72,24
1946,BS MATH,76.83,42.05,59.25,94.54,83.75,79.72,24
1947,BS MATH,66.01,54.75,44.12,79.96,72.9,68.07,24
1948,BS MATH,61.05,35.7,59.25,70.61,72.9,62.48,24
1949,BS MATH,58.56,42.05,76.79,75.28,91.68,71.42,24
1950,BS PHYSICS,63.53,94.82,93.41,96.87,87.72,90.13,27
1952,BS PHYSICS,76.83,71.99,59.25,75.28,72.9,76.98,27
1953,BS PHYSICS,88.66,87.4,85.06,97.95,79.78,93.53,27
1954,BS PHYSICS,89.71,96.76,93.41,84.63,83.75,93.85,27
1955,BS PHYSICS,96.08,92.88,96.28,97.95,99.28,98.56,27
1957,BS PHYSICS,91.83,92.88,97.72,70.61,83.75,93.85,27
1959,BS PHYSICS,99.64,82.26,80.93,79.96,43.49,95.73,27
1962,BS PHYSICS,58.56,42.05,59.25,75.28,53.29,61.37,27
1963,BS PHYSICS,74.8,82.26,66.81,18.16,72.9,72.43,27
1964,BS PHYSICS,88.66,77.12,99.43,97.95,79.78,95.98,27
1965,BS PHYSICS,82.02,35.7,72.66,92.22,91.68,82.81,27
1966,BS STAT,76.83,77.12,66.81,44.18,79.78,76.07,29
1967,BS STAT,63.53,77.12,44.12,70.61,87.72,72.43,29
1968,BS STAT,76.83,42.05,91.97,34.54,83.75,76.07,29
1969,BS STAT,80.58,48.4,44.12,79.96,43.49,71.42,29
1970,BS STAT,94.11,54.75,59.25,89.31,53.29,86.26,29
1971,BS STAT,94.11,71.99,76.79,75.28,63.1,88.7,29
1972,BS STAT,95.51,98.7,97.72,96.87,79.78,97.64,29
1973,BS STAT,76.83,66.85,66.81,18.16,20.6,63.6,29
1977,BS STAT,70.75,35.7,59.25,70.61,33.69,62.48,29
1978,BS STAT,66.01,61.11,36.55,53.82,63.1,62.48,29
1979,BS STAT,70.75,61.11,76.79,70.61,83.75,76.07,29
1980,BS STAT,41.05,61.11,76.79,98.63,43.49,73.34,29
1981,BS STAT,61.05,66.85,59.25,92.22,53.29,71.42,29
1982,BS STAT,80.58,66.85,44.12,70.61,53.29,73.34,29
1984,BS STAT,66.01,71.99,29.96,53.82,43.49,61.37,29
1986,BS STAT,52.9,54.75,44.12,44.18,87.72,60.09,29
1987,BS STAT,66.01,25.06,72.66,84.63,63.1,66.95,29
1988,BS STAT,70.75,54.75,76.79,63.45,43.49,69.19,29
1989,BS CD,58.56,71.99,80.93,53.82,63.1,69.19,14
1990,BS CD,58.56,82.26,85.06,34.54,26.06,65.83,14
1991,BS CD,76.83,61.11,66.81,44.18,33.69,68.07,14
1994,BS CD,41.05,82.26,66.81,63.45,43.49,60.09,14
1995,BS CD,68.5,71.99,66.81,92.22,43.49,75.16,14
1996,BS CD,70.75,71.99,76.79,24.91,26.06,65.83,14
1997,BS CD,84.91,71.99,76.79,18.16,43.49,75.16,14
1998,BS CD,78.85,71.99,59.25,79.96,72.9,78.81,14
1999,BS CD,66.01,66.85,51.68,34.54,53.29,62.48,14
2000,BS CD,63.53,61.11,51.68,63.45,83.75,68.07,14
2001,BS CD,70.75,25.06,44.12,79.96,72.9,64.72,14
2002,BS CD,78.85,66.85,85.06,63.45,53.29,77.9,14
2003,BS CD,78.85,90.94,29.96,53.82,83.75,76.98,14
2004,BS CD,55.84,42.05,59.25,75.28,79.78,63.6,14
2005,BS CD,70.75,87.4,24.36,53.82,53.29,66.95,14
2008,BS CD,74.8,77.12,72.66,53.82,20.6,70.3,14
2011,BS CD,72.78,48.4,18.75,70.61,63.1,62.48,14
2012,BS CD,76.83,66.85,85.06,92.22,33.69,80.63,14
2013,BS CD,44.05,71.99,51.68,79.96,43.49,60.09,14
2014,BS CD,47.0,61.11,76.79,63.45,53.29,61.37,14
2015,BS CD,70.75,48.4,36.55,44.18,53.29,60.09,14
2016,BS CD,63.53,61.11,29.96,75.28,33.69,60.09,14
2017,BS CD,34.94,66.85,76.79,70.61,91.68,65.83,14
2018,BS CD,91.83,77.12,51.68,14.31,87.72,82.12,14
2019,BS CD,83.47,71.99,44.12,24.91,79.78,74.25,14
2021,BS CD,58.56,87.4,59.25,63.45,72.9,70.3,14
2022,BS CD,66.01,77.12,89.19,53.82,53.29,74.25,14
2023,BS CD,83.47,87.4,76.79,70.61,72.9,84.19,14
2024,BS CD,72.78,48.4,36.55,75.28,53.29,65.83,14
2025,BS CD,63.53,71.99,66.81,63.45,53.29,68.07,14
2026,BS CD,74.8,71.99,51.68,34.54,63.1,69.19,14
2027,BS CD,74.8,42.05,66.81,75.28,72.9,72.43,14
2028,BS CD,82.02,77.12,44.12,94.54,91.68,86.26,14
2029,BS CD,63.53,42.05,59.25,70.61,63.1,63.6,14
2030,BS CD,72.78,48.4,76.79,63.45,79.78,73.34,14
2031,BS CD,63.53,42.05,91.97,44.18,63.1,68.07,14
2032,BS CD,63.53,42.05,59.25,63.45,43.49,60.09,14
2033,BS CD,70.75,35.7,66.81,34.54,53.29,61.37,14
2035,BSSW,49.95,66.85,36.55,75.28,63.1,60.09,39
2036,BSSW,70.75,48.4,51.68,53.82,83.75,68.07,39
2037,BSSW,96.08,82.26,59.25,10.45,79.78,85.57,39
2038,BSSW,93.41,92.88,76.79,34.54,97.87,91.56,39
2039,BSSW,94.81,94.82,44.12,97.95,72.9,94.16,39
2040,BSSW,87.6,92.88,59.25,79.96,53.29,85.57,39
2041,BSSW,52.9,77.12,59.25,70.61,43.49,63.6,39
2042,BSSW,91.83,87.4,36.55,18.16,79.78,81.43,39
2043,BSSW,78.85,77.12,80.93,75.28,72.9,82.12,39
2044,BSSW,90.77,92.88,72.66,79.96,83.75,90.6,39
2046,BSSW,55.84,25.06,80.93,84.63,33.69,61.37,39
2047,BSSW,66.01,66.85,89.19,84.63,63.1,77.9,39
2048,BSSW,68.5,82.26,44.12,53.82,43.49,66.95,39
2049,BSSW,83.47,90.94,76.79,84.63,72.9,86.95,39
2050,BSSW,83.47,71.99,59.25,44.18,83.75,78.81,39
2051,BSSW,63.53,71.99,91.97,70.61,79.78,77.9,39
2052,BSSW,87.6,66.85,51.68,70.61,53.29,78.81,39
2053,BSSW,86.35,90.94,89.19,95.71,95.65,93.85,39
2054,BSSW,89.71,82.26,66.81,34.54,79.78,83.5,39
2055,BSSW,55.84,66.85,44.12,44.18,72.9,60.09,39
2056,BSSW,78.85,96.76,66.81,34.54,43.49,77.9,39
2057,BSSW,63.53,90.94,76.79,53.82,79.78,76.07,39
2058,BSSW,78.85,82.26,72.66,24.91,79.78,76.98,39
2059,BSSW,83.47,82.26,99.87,84.63,87.72,93.85,39
2061,BSSW,74.8,90.94,72.66,95.71,91.68,88.7,39
2062,BSSW,76.83,61.11,85.06,79.96,91.68,83.5,39
2063,BSSW,68.5,90.94,36.55,70.61,43.49,70.3,39
2064,BSSW,74.8,48.4,44.12,63.45,72.9,68.07,39
2065,BSSW,63.53,48.4,59.25,53.82,43.49,60.09,39
2066,BSSW,58.56,77.12,91.97,70.61,53.29,74.25,39
2068,BSSW,78.85,92.88,76.79,53.82,72.9,82.12,39
2069,BSSW,86.35,87.4,76.79,63.45,72.9,84.88,39
2070,BSSW,84.91,77.12,76.79,70.61,83.75,84.88,39
2071,BSSW,74.8,77.12,80.93,44.18,53.29,75.16,39
2072,BSSW,72.78,77.12,51.68,18.16,53.29,65.83,39
2074,BSSW,66.01,82.26,59.25,75.28,79.78,75.16,39
2075,BSSW,66.01,77.12,24.36,70.61,33.69,62.48,39
2076,BSSW,84.91,96.76,85.06,24.91,87.72,87.64,39
2077,BSSW,87.6,82.26,72.66,79.96,33.69,83.5,39
2078,BSSW,74.8,42.05,72.66,63.45,33.69,66.95,39
2079,BSSW,82.02,30.03,36.55,24.91,91.68,68.07,39
2080,BSSW,61.05,48.4,89.19,70.61,33.69,66.95,39
2081,BSSW,80.58,54.75,66.81,34.54,33.69,68.07,39
2082,BSSW,47.0,82.26,80.93,53.82,53.29,65.83,39
2083,BSSW,74.8,82.26,72.66,34.54,43.49,72.43,39
2084,BSSW,52.9,71.99,59.25,63.45,63.1,63.6,39
2085,BSSW,91.83,71.99,91.97,92.22,43.49,90.13,39
2086,BSSW,90.77,87.4,80.93,70.61,79.78,89.17,39
2087,BSSW,70.75,77.12,89.19,53.82,72.9,77.9,39
2088,BSSW,68.5,35.7,59.25,63.45,43.49,61.37,39
2089,BSSW,84.91,87.4,72.66,63.45,72.9,83.5,39
2090,BSSW,70.75,82.26,85.06,84.63,53.29,80.63,39
2091,BSSW,88.66,61.11,44.12,70.61,43.49,76.98,39
2092,BSSW,87.6,92.88,89.19,63.45,63.1,88.22,39
2093,BSSW,78.85,25.06,51.68,18.16,95.65,66.95,39
2094,BSSW,61.05,90.94,76.79,75.28,91.68,80.63,39
2095,BSSW,78.85,90.94,94.84,63.45,83.75,87.64,39
2096,BSSW,68.5,61.11,51.68,34.54,53.29,62.48,39
2098,BSSW,70.75,71.99,59.25,63.45,87.72,75.16,39
2099,BSSW,86.35,92.88,51.68,14.31,53.29,76.98,39
2158,BEED,74.8,92.88,91.97,84.63,79.78,87.64,7
2159,BEED,72.78,87.4,66.81,53.82,72.9,76.07,7
2161,BEED,61.05,48.4,51.68,79.96,79.78,66.95,7
2162,BEED,80.58,87.4,76.79,70.61,63.1,82.12,7
2163,BEED,80.58,61.11,76.79,53.82,63.1,76.07,7
2164,BEED,44.05,82.26,36.55,75.28,53.29,60.09,7
2165,BEED,86.35,61.11,66.81,70.61,72.9,80.63,7
2166,BEED,86.35,82.26,91.97,53.82,72.9,86.26,7
2167,BEED,78.85,77.12,89.19,63.45,72.9,82.12,7
2168,BEED,80.58,66.85,29.96,44.18,43.49,66.95,7
2169,BEED,87.6,92.88,80.93,70.61,79.78,88.7,7
2170,BEED,84.91,92.88,59.25,75.28,79.78,85.57,7
2171,BEED,91.83,54.75,93.41,63.45,63.1,86.95,7
2172,BEED,82.02,77.12,89.19,63.45,79.78,84.19,7
2173,BEED,80.58,87.4,3.34,53.82,72.9,69.19,7
2174,BEED,61.05,77.12,29.96,53.82,72.9,63.6,7
2175,BEED,74.8,61.11,44.12,70.61,79.78,72.43,7
2176,BEED,86.35,87.4,51.68,92.22,63.1,85.57,7
2177,BEED,90.77,94.82,96.28,75.28,72.9,93.22,7
2178,BEED,84.91,77.12,76.79,84.63,72.9,85.57,7
2179,BEED,74.8,82.26,59.25,84.63,53.29,77.9,7
2181,BEED,87.6,77.12,72.66,34.54,83.75,82.81,7
2182,BEED,70.75,48.4,66.81,34.54,53.29,63.6,7
2183,BEED,83.47,61.11,94.84,79.96,91.68,88.7,7
2184,BEED,87.6,61.11,85.06,63.45,83.75,84.88,7
2185,BEED,89.71,71.99,59.25,44.18,83.75,82.81,7
2186,BEED,84.91,71.99,80.93,53.82,83.75,83.5,7
2187,BEED,74.8,66.85,76.79,34.54,87.72,76.07,7
2188,BEED,90.77,92.88,80.93,53.82,20.6,84.88,7
2189,BEED,92.71,77.12,72.66,75.28,91.68,90.13,7
2190,BEED,78.85,66.85,72.66,63.45,53.29,75.16,7
2191,BEED,88.66,71.99,44.12,44.18,83.75,80.63,7
2192,BEED,78.85,20.09,29.96,70.61,63.1,62.48,7
2193,BEED,87.6,82.26,72.66,44.18,33.69,79.72,7
2194,BEED,84.91,77.12,76.79,79.96,79.78,85.57,7
2195,BEED,92.71,71.99,85.06,53.82,33.69,84.88,7
2196,BEED,74.8,61.11,72.66,79.96,83.75,78.81,7
2197,BEED,90.77,92.88,91.97,34.54,83.75,90.13,7
2198,BEED,84.91,82.26,80.93,89.31,83.75,88.7,7
2199,BEED,78.85,82.26,76.79,44.18,91.68,82.12,7
2200,BEED,68.5,82.26,85.06,70.61,87.72,81.43,7
2201,BEED,58.56,66.85,66.81,63.45,33.69,62.48,7
2202,BEED,92.71,87.4,85.06,79.96,20.6,88.22,7
2203,BEED,86.35,82.26,72.66,34.54,72.9,81.43,7
2204,BEED,82.02,90.94,51.68,53.82,33.69,76.07,7
2205,BEED,78.85,66.85,66.81,75.28,79.78,78.81,7
2206,BEED,88.66,77.12,51.68,75.28,72.9,83.5,7
2208,BEED,87.6,94.82,85.06,70.61,87.72,90.6,7
2209,BEED,80.58,90.94,80.93,63.45,79.78,84.19,7
2210,BEED,78.85,82.26,44.12,92.22,43.49,78.81,7
2211,BEED,74.8,77.12,72.66,89.31,95.65,84.88,7
2212,BEED,84.91,71.99,85.06,24.91,53.29,78.81,7
2213,BEED,80.58,94.82,89.19,44.18,26.06,81.43,7
2214,BEED,89.71,61.11,89.19,63.45,72.9,85.57,7
2215,BEED,88.66,90.94,51.68,70.61,72.9,84.88,7
2216,BEED,74.8,92.88,72.66,34.54,43.49,75.16,7
2217,BEED,88.66,42.05,91.97,75.28,72.9,84.88,7
2218,BEED,87.6,92.88,89.19,75.28,87.72,91.08,7
2219,BEED,82.02,82.26,59.25,94.54,53.29,84.19,7
2220,BEED,66.01,54.75,80.93,63.45,53.29,69.19,7
2222,BEED,89.71,92.88,72.66,34.54,72.9,85.57,7
2223,BEED,92.71,90.94,89.19,84.63,83.75,93.22,7
2224,BEED,66.01,77.12,80.93,84.63,43.49,76.07,7
2225,BEED,86.35,54.75,66.81,63.45,53.29,76.98,7
2226,BEED,86.35,82.26,66.81,84.63,43.49,83.5,7
2228,BEED,82.02,92.88,89.19,53.82,72.9,85.57,7
2229,BEED,87.6,92.88,72.66,84.63,53.29,87.64,7
2230,BEED,83.47,87.4,44.12,44.18,72.9,77.9,7
2231,BEED,83.47,94.82,85.06,44.18,79.78,86.26,7
2232,BEED,83.47,77.12,91.97,75.28,83.75,87.64,7
2233,BEED,93.41,54.75,89.19,44.18,63.1,85.57,7
2234,BEED,86.35,82.26,80.93,44.18,53.29,82.12,7
2235,BEED,74.8,61.11,59.25,70.61,87.72,76.07,7
2236,BEED,95.51,98.7,91.97,34.54,83.75,93.85,7
2237,BEED,94.11,87.4,59.25,44.18,87.72,88.7,7
2238,BEED,70.75,87.4,66.81,44.18,20.6,68.07,7
2239,BEED,89.71,77.12,76.79,79.96,43.49,85.57,7
2240,BEED,83.47,54.75,76.79,53.82,95.65,82.12,7
2241,BEED,76.83,61.11,85.06,63.45,83.75,79.72,7
2242,BEED,80.58,35.7,36.55,70.61,53.29,66.95,7
2243,BEED,72.78,87.4,80.93,79.96,26.06,77.9,7
2244,BEED,68.5,77.12,36.55,79.96,63.1,71.42,7
2245,BEED,94.11,82.26,66.81,18.16,83.75,86.26,7
2246,BEED,66.01,71.99,59.25,53.82,79.78,70.3,7
2247,BEED,87.6,54.75,72.66,79.96,53.29,81.43,7
2248,BEED,61.05,71.99,89.19,89.31,63.1,77.9,7
2249,BEED,86.35,77.12,76.79,84.63,95.65,89.17,7
2250,BEED,76.83,87.4,80.93,92.22,83.75,86.95,7
2251,BEED,72.78,61.11,59.25,84.63,63.1,74.25,7
2252,BEED,83.47,42.05,85.06,75.28,79.78,81.43,7
2253,BEED,80.58,90.94,72.66,93.38,26.06,83.5,7
2254,BEED,84.91,82.26,76.79,63.45,72.9,83.5,7
2255,BEED,61.05,66.85,72.66,89.31,43.49,71.42,7
2256,BEED,86.35,82.26,80.93,63.45,87.72,86.95,7
2257,BEED,82.02,82.26,80.93,63.45,91.68,85.57,7
2259,BEED,66.01,96.76,94.84,44.18,79.78,83.5,7
2260,BEED,63.53,77.12,93.41,75.28,53.29,77.9,7
2261,BEED,80.58,82.26,51.68,92.22,87.72,84.88,7
2262,BEED,93.41,71.99,89.19,70.61,79.78,90.13,7
2263,BEED,89.71,94.82,66.81,75.28,72.9,88.7,7
2264,BEED,83.47,77.12,80.93,53.82,72.9,82.12,7
2265,BEED,87.6,96.76,85.06,92.22,63.1,91.56,7
2266,BEED,78.85,82.26,89.19,75.28,87.72,86.26,7
2267,BEED,86.35,87.4,72.66,63.45,79.78,84.88,7
2268,BEED,86.35,77.12,72.66,70.61,91.68,86.26,7
2269,BEED,91.83,61.11,80.93,6.59,53.29,77.9,7
2270,BEED,93.41,87.4,89.19,84.63,95.65,94.16,7
2271,BEED,78.85,42.05,89.19,44.18,63.1,74.25,7
2272,BEED,92.71,82.26,76.79,44.18,83.75,88.22,7
2273,BEED,96.52,90.94,89.19,97.62,87.72,96.9,7
2274,BEED,92.71,92.88,85.06,24.91,43.49,86.95,7
2275,BEED,74.8,61.11,85.06,18.16,79.78,73.34,7
2276,BSED,93.41,96.76,66.81,34.54,91.68,90.6,31
2278,BSED,94.81,54.75,93.41,70.61,98.34,93.22,31
2279,BSED,96.08,90.94,80.93,89.31,83.75,94.48,31
2280,BSED,72.78,66.85,72.66,53.82,53.29,71.42,31
2281,BSED,88.66,77.12,93.41,92.22,83.75,92.03,31
2282,BSED,76.83,87.4,76.79,79.96,97.87,86.95,31
2283,BSED,87.6,90.94,89.19,63.45,97.87,91.08,31
2285,BSED,98.41,87.4,89.19,75.28,83.75,95.73,31
2286,BSED,72.78,77.12,98.58,89.31,83.75,88.7,31
2287,BSED,96.52,92.88,80.93,93.38,87.72,95.98,31
2288,BSED,91.83,82.26,72.66,75.28,97.87,91.08,31
2289,BSED,80.58,90.94,76.79,92.22,98.81,91.08,31
2290,BSED,91.83,94.82,93.41,75.28,83.75,93.53,31
2291,BSED,96.52,87.4,91.97,94.54,83.75,96.17,31
2292,BSED,70.75,87.4,72.66,95.71,97.87,88.22,31
2293,BSED,91.83,94.82,93.41,84.63,87.72,94.48,31
2294,BSED,87.6,87.4,96.28,93.38,97.87,94.79,31
2295,BSED,94.81,87.4,89.19,70.61,72.9,92.03,31
2296,BSED,95.51,77.12,97.72,94.54,53.29,95.1,31
2297,BSED,94.11,90.94,97.72,99.2,79.78,97.64,31
2298,BSED,94.81,71.99,91.97,93.38,91.68,94.79,31
2299,BSED,90.77,82.26,51.68,18.16,72.9,80.63,31
2300,BSED,89.71,96.76,72.66,89.31,91.68,92.9,31
2301,BSED,86.35,87.4,66.81,84.63,63.1,85.57,31
2302,BSED,94.81,82.26,94.84,70.61,63.1,92.51,31
2303,BSED,83.47,94.82,91.97,79.96,83.75,90.6,31
2304,BSED,96.52,82.26,72.66,44.18,91.68,91.56,31
2305,BSED,84.91,71.99,89.19,63.45,83.75,85.57,31
2306,BSED,84.91,90.94,59.25,79.96,79.78,85.57,31
2307,BSED,86.35,90.94,85.06,94.54,63.1,90.6,31
2308,BSED,96.95,96.76,91.97,95.71,87.72,97.46,31
2309,BSED,80.58,90.94,80.93,79.96,79.78,86.26,31
2310,BSED,96.52,92.88,72.66,84.63,83.75,94.16,31
2311,BSED,92.71,71.99,97.72,89.31,79.78,93.53,31
2312,BSED,87.6,99.7,91.97,79.96,72.9,92.51,31
2313,BSED,98.9,82.26,89.19,84.63,63.1,95.73,31
2314,BSED,90.77,87.4,44.12,70.61,87.72,86.95,31
2315,BSED,95.51,54.75,72.66,94.54,72.9,91.08,31
2316,BSED,80.58,96.76,99.14,63.45,63.1,90.6,31
2317,BSED,78.85,82.26,72.66,63.45,83.75,81.43,31
2318,BSED,96.95,54.75,85.06,53.82,87.72,91.08,31
2319,BSED,88.66,90.94,94.84,89.31,87.72,93.53,31
2320,BSED,76.83,87.4,72.66,89.31,53.29,82.12,31
2321,BSED,91.83,87.4,36.55,75.28,91.68,88.22,31
2322,BSED,86.35,82.26,91.97,70.61,87.72,89.17,31
2323,BSED,95.51,77.12,76.79,79.96,83.75,92.03,31
2324,BSED,93.41,96.76,85.06,89.31,95.65,95.42,31
2325,BSED,96.08,87.4,85.06,95.71,53.29,94.48,31
2326,BSED,93.41,77.12,97.72,63.45,72.9,92.03,31
2327,BSED,84.91,87.4,72.66,70.61,63.1,83.5,31
2328,BSED,96.08,94.82,98.86,89.31,63.1,96.54,31
2329,BSED,94.11,90.94,96.28,96.87,97.87,97.27,31
2330,BSED,74.8,61.11,72.66,92.22,95.65,83.5,31
2331,BSED,87.6,87.4,91.97,92.22,79.78,91.56,31
2333,BSED,86.35,94.82,80.93,63.45,87.72,89.17,31
2334,BSED,78.85,92.88,91.97,70.61,72.9,86.26,31
2335,BSED,96.52,87.4,76.79,70.61,87.72,93.22,31
2336,BSED,68.5,77.12,94.84,89.31,63.1,83.5,31
2337,BSED,94.11,94.82,89.19,89.31,91.68,95.42,31
2338,BSED,86.35,71.99,89.19,95.71,79.78,90.6,31
2339,BSED,93.41,90.94,91.97,79.96,87.72,93.85,31
2340,BSED,96.08,87.4,89.19,84.63,53.29,93.22,31
2341,BSED SS,83.47,87.4,89.19,34.54,72.9,83.5,32
2342,BSED SS,96.08,96.76,80.93,53.82,63.1,92.51,32
2343,BSED SS,90.77,98.7,99.14,44.18,72.9,93.85,32
2344,BSED SS,95.51,71.99,85.06,34.54,72.9,88.7,32
2345,BSED SS,80.58,92.88,91.97,89.31,20.6,85.57,32
2346,BSED SS,83.47,92.88,80.93,44.18,72.9,84.19,32
2347,BSED SS,58.56,90.94,98.58,79.96,83.75,85.57,32
2348,BSED SS,94.81,94.82,66.81,14.31,26.06,84.19,32
2349,BSED SS,88.66,66.85,76.79,79.96,91.68,88.22,32
2350,BSED SS,86.35,92.88,89.19,34.54,87.72,88.22,32
2351,BSED SS,86.35,90.94,80.93,84.63,87.72,90.13,32
2352,BSED SS,89.71,87.4,80.93,24.91,72.9,84.88,32
2354,BSED SS,91.83,90.94,44.12,84.63,63.1,87.64,32
2355,BSED VEDUC,87.6,90.94,76.79,44.18,79.78,85.57,33
2356,BSED VEDUC,76.83,92.88,76.79,53.82,97.87,85.57,33
2357,BSED VEDUC,83.47,77.12,66.81,79.96,63.1,82.12,33
2358,BSED VEDUC,93.41,82.26,85.06,70.61,87.72,91.56,33
2359,BSED VEDUC,78.85,61.11,85.06,79.96,26.06,76.98,33
2360,BSED VEDUC,68.5,54.75,91.97,70.61,72.9,76.07,33
2361,BSED VEDUC,86.35,87.4,36.55,44.18,79.78,79.72,33
2362,BSED VEDUC,74.8,87.4,89.19,92.22,79.78,86.95,33
2363,BSED VEDUC,87.6,61.11,44.12,63.45,63.1,76.98,33
2364,BSED VEDUC,74.8,87.4,76.79,70.61,33.69,76.98,33
2365,BSED VEDUC,87.6,87.4,76.79,34.54,95.65,86.95,33
2366,BSED VEDUC,90.77,77.12,72.66,44.18,72.9,84.19,33
2368,BSNE,93.41,90.94,91.97,92.22,83.75,94.48,38
2369,BSNE,72.78,82.26,85.06,79.96,53.29,80.63,38
2370,BSNE,86.35,54.75,80.93,34.54,72.9,78.81,38
2371,BSNE,72.78,48.4,72.66,75.28,53.29,71.42,38
2372,BSNE,84.91,77.12,4.27,89.31,97.87,82.12,38
2374,BSNE,83.47,92.88,93.41,89.31,63.1,90.13,38
2375,BSNE,70.75,77.12,51.68,6.59,63.1,62.48,38
2376,BSNE,86.35,71.99,51.68,63.45,43.49,76.98,38
2377,BSNE,68.5,90.94,94.84,44.18,87.72,83.5,38
2378,BSNE,76.83,82.26,44.12,24.91,33.69,66.95,38
2379,BSNE,72.78,77.12,44.12,63.45,53.29,70.3,38
2380,BSNE,72.78,90.94,66.81,34.54,63.1,74.25,38
2381,BSNE,90.77,54.75,59.25,24.91,83.75,79.72,38
2382,BSNE,76.83,42.05,44.12,79.96,63.1,70.3,38
2383,BSNE,84.91,61.11,72.66,84.63,79.78,83.5,38
2384,BSNE,89.71,77.12,51.68,24.91,20.6,74.25,38
2386,BSNE,74.8,48.4,72.66,84.63,83.75,77.9,38
2387,BSNE,80.58,82.26,44.12,63.45,63.1,76.07,38
2388,BSNE,58.56,66.85,76.79,84.63,53.29,71.42,38
2389,BSNE,66.01,92.88,66.81,34.54,79.78,74.25,38
2390,BSNE,76.83,48.4,85.06,89.31,97.87,84.88,38
2391,BSNE,78.85,30.03,72.66,44.18,95.65,74.25,38
2392,BSNE,82.02,92.88,89.19,14.31,72.9,82.12,38
2393,BSNE,80.58,48.4,66.81,75.28,79.78,76.98,38
2394,BSNE,55.84,66.85,59.25,84.63,72.9,69.19,38
2395,BSNE,76.83,90.94,72.66,34.54,26.06,73.34,38
2396,BSNE,66.01,90.94,72.66,53.82,53.29,73.34,38
2397,BSNE,70.75,71.99,72.66,89.31,63.1,77.9,38
2398,BSNE,70.75,98.7,80.93,44.18,53.29,79.72,38
2399,BSNE,74.8,77.12,66.81,63.45,63.1,75.16,38
2400,BSNE,76.83,35.7,93.41,79.96,79.78,80.63,38
2402,BSNE,84.91,71.99,72.66,24.91,63.1,76.98,38
2403,BSNE,83.47,66.85,85.06,70.61,83.75,84.19,38
2404,BSNE,52.9,54.75,89.19,75.28,87.72,73.34,38
2405,BSNE,92.71,82.26,66.81,75.28,26.06,84.88,38
